UK,2016-01-01
UK,2016-03-25
UK,2016-03-27
UK,2016-03-28
UK,2016-05-02
UK,2016-05-30
UK,2016-08-29
UK,2016-12-25
UK,2016-12-26
UK,2016-12-27
UK,2017-01-01
UK,2017-01-02
UK,2017-04-14
UK,2017-04-16
UK,2017-04-17
UK,2017-05-01
UK,2017-05-29
UK,2017-08-28
UK,2017-12-25
UK,2017-12-26
UK,2018-01-01
UK,2018-03-30
UK,2018-04-01
UK,2018-04-02
UK,2018-05-07
UK,2018-05-28
UK,2018-08-27
UK,2018-12-25
UK,2018-12-26
HK,2016-01-01
HK,2016-02-08
HK,2016-02-09
HK,2016-02-10
HK,2016-03-25
HK,2016-03-26
HK,2016-03-28
HK,2016-04-04
HK,2016-05-01
HK,2016-05-02
HK,2016-05-14
HK,2016-06-09
HK,2016-07-01
HK,2016-09-16
HK,2016-10-01
HK,2016-10-09
HK,2016-10-10
HK,2016-12-25
HK,2016-12-26
HK,2016-12-27
HK,2017-01-01
HK,2017-01-02
HK,2017-01-28
HK,2017-01-29
HK,2017-01-30
HK,2017-01-31
HK,2017-04-04
HK,2017-04-14
HK,2017-04-15
HK,2017-04-17
HK,2017-05-01
HK,2017-05-03
HK,2017-05-30
HK,2017-07-01
HK,2017-10-01
HK,2017-10-02
HK,2017-10-05
HK,2017-10-28
HK,2017-12-25
HK,2017-12-26
HK,2018-01-01
HK,2018-02-16
HK,2018-02-17
HK,2018-02-18
HK,2018-02-19
HK,2018-03-30
HK,2018-03-31
HK,2018-04-02
HK,2018-04-05
HK,2018-05-01
HK,2018-05-22
HK,2018-06-18
HK,2018-07-01
HK,2018-07-02
HK,2018-09-25
HK,2018-10-01
HK,2018-10-17
HK,2018-12-25
HK,2018-12-26
