Loan_Port,Item_Class,ETA_Dsch_Port,Shipped_Dtl_Qty,New,Last_order_Q,Last_order_Dte_diff,Week_of_Yr,Day_of_week,Qtr,MM,YY,YY-MM,YYMM-1_dte,YYMM-1,,Qtr_of_Yr,Last_Yr_Same_mth_Qtr,Dest_Holiday_next
BANGLADESH - CHITTAGONG,B-Jeans,05/25/2016,5332,1,,,22,4,2,5,2016,20165,04/29/2016,20164,,,,
BANGLADESH - CHITTAGONG,B-Jeans,06/06/2016,9782,0,5332,12,24,2,2,6,2016,20166,05/30/2016,20165,,,,
BANGLADESH - CHITTAGONG,B-Jeans,06/09/2016,5580,0,9782,3,24,5,2,6,2016,20166,05/30/2016,20165,,,,
BANGLADESH - CHITTAGONG,B-Jeans,07/05/2016,14482,0,5580,26,28,3,3,7,2016,20167,06/29/2016,20166,,Last_order_Q,,
BANGLADESH - CHITTAGONG,B-Jeans,09/18/2016,6659,0,14482,75,39,1,3,9,2016,20169,08/30/2016,20168,,Last_Order_Dte_diff,,
BANGLADESH - CHITTAGONG,C-Trousers,03/13/2016,3800,1,,,12,1,1,3,2016,20163,02/28/2016,20162,,Last_mth_Q,,
BANGLADESH - CHITTAGONG,C-Trousers,03/26/2016,3550,0,3800,13,13,7,1,3,2016,20163,02/28/2016,20162,,Week_of_Mth,,
BANGLADESH - CHITTAGONG,C-Trousers,03/28/2016,13972,0,3550,2,14,2,1,3,2016,20163,02/28/2016,20162,,Day_of_week,,
BANGLADESH - CHITTAGONG,C-Trousers,04/06/2016,2343.3,0,13972,9,15,4,2,4,2016,20164,03/30/2016,20163,,Qtr_of_Yr,,
BANGLADESH - CHITTAGONG,C-Trousers,04/08/2016,20840,0,2343.3,2,15,6,2,4,2016,20164,03/30/2016,20163,,Last_Yr_Same_mth_Qtr,,
BANGLADESH - CHITTAGONG,C-Trousers,04/27/2016,24413,0,20840,19,18,4,2,4,2016,20164,03/30/2016,20163,,Dest_Holiday_next_diff,,
BANGLADESH - CHITTAGONG,C-Trousers,04/29/2016,3000,0,24413,2,18,6,2,4,2016,20164,03/30/2016,20163,,Dest_Holiday_prev_diff,,
BANGLADESH - CHITTAGONG,C-Trousers,05/25/2016,6744,0,3000,26,22,4,2,5,2016,20165,04/29/2016,20164,,# of Order,,
BANGLADESH - CHITTAGONG,C-Trousers,06/09/2016,9392,0,6744,15,24,5,2,6,2016,20166,05/30/2016,20165,,,,
BANGLADESH - CHITTAGONG,C-Trousers,07/05/2016,20155,0,9392,26,28,3,3,7,2016,20167,06/29/2016,20166,,,,
BANGLADESH - CHITTAGONG,C-Trousers,07/30/2016,9500,0,20155,25,31,7,3,7,2016,20167,06/29/2016,20166,,,,
BANGLADESH - CHITTAGONG,C-Trousers,08/13/2016,5004,0,9500,14,33,7,3,8,2016,20168,07/30/2016,20167,,,,
BANGLADESH - CHITTAGONG,C-Trousers,08/24/2016,6550,0,5004,11,35,4,3,8,2016,20168,07/30/2016,20167,,,,
BANGLADESH - CHITTAGONG,C-Trousers,09/09/2016,13476,0,6550,16,37,6,3,9,2016,20169,08/30/2016,20168,,,,
BANGLADESH - CHITTAGONG,C-Trousers,12/19/2016,6572,0,13476,101,52,2,4,12,2016,201612,11/29/2016,201611,,,,
BANGLADESH - CHITTAGONG,C-Trousers,01/02/2017,8240,0,6572,14,1,2,1,1,2017,20171,12/30/2016,201612,,,,
BANGLADESH - CHITTAGONG,C-Trousers,01/20/2017,6400,0,8240,18,3,6,1,1,2017,20171,12/30/2016,201612,,,,
BANGLADESH - CHITTAGONG,C-Trousers,01/26/2017,7726,0,6400,6,4,5,1,1,2017,20171,12/30/2016,201612,,,,
BANGLADESH - CHITTAGONG,C-Trousers,01/28/2017,5400,0,7726,2,4,7,1,1,2017,20171,12/30/2016,201612,,,,
BANGLADESH - CHITTAGONG,C-Trousers,02/06/2017,3184,0,5400,9,6,2,1,2,2017,20172,01/30/2017,20171,,,,
BANGLADESH - CHITTAGONG,C-Trousers,02/11/2017,7032,0,3184,5,6,7,1,2,2017,20172,01/30/2017,20171,,,,
BANGLADESH - CHITTAGONG,C-Trousers,02/26/2017,5297,0,7032,15,9,1,1,2,2017,20172,01/30/2017,20171,,,,
BANGLADESH - CHITTAGONG,C-Trousers,03/03/2017,8000,0,5297,5,9,6,1,3,2017,20173,02/27/2017,20172,,,,
BANGLADESH - CHITTAGONG,C-Trousers,03/14/2017,2800,0,8000,11,11,3,1,3,2017,20173,02/27/2017,20172,,,,
BANGLADESH - CHITTAGONG,D-Jackets,12/27/2016,2360,1,,,53,3,4,12,2016,201612,11/29/2016,201611,,,,
BANGLADESH - CHITTAGONG,D-Jackets,01/03/2017,3560,0,2360,7,1,3,1,1,2017,20171,12/30/2016,201612,,,,
BANGLADESH - CHITTAGONG,D-Jackets,01/17/2017,10000,0,3560,14,3,3,1,1,2017,20171,12/30/2016,201612,,,,
BANGLADESH - CHITTAGONG,D-Jackets,01/26/2017,1000,0,10000,9,4,5,1,1,2017,20171,12/30/2016,201612,,,,
BANGLADESH - CHITTAGONG,D-Jackets,02/06/2017,2000,0,1000,11,6,2,1,2,2017,20172,01/30/2017,20171,,,,
BANGLADESH - CHITTAGONG,D-Jackets,02/11/2017,2240,0,2000,5,6,7,1,2,2017,20172,01/30/2017,20171,,,,
BANGLADESH - CHITTAGONG,F-Sweatshirts,04/20/2016,6450,1,,,17,4,2,4,2016,20164,03/30/2016,20163,,,,
BANGLADESH - CHITTAGONG,F-Sweatshirts,06/23/2016,2400,0,6450,64,26,5,2,6,2016,20166,05/30/2016,20165,,,,
BANGLADESH - CHITTAGONG,F-Sweatshirts,07/05/2016,6537,0,2400,12,28,3,3,7,2016,20167,06/29/2016,20166,,,,
BANGLADESH - CHITTAGONG,F-Sweatshirts,08/19/2016,3000,0,6537,45,34,6,3,8,2016,20168,07/30/2016,20167,,,,
BANGLADESH - CHITTAGONG,F-Sweatshirts,08/24/2016,6000,0,3000,5,35,4,3,8,2016,20168,07/30/2016,20167,,,,
BANGLADESH - CHITTAGONG,F-Sweatshirts,12/27/2016,4800,0,6000,125,53,3,4,12,2016,201612,11/29/2016,201611,,,,
BANGLADESH - CHITTAGONG,F-Sweatshirts,01/05/2017,7200,0,4800,9,1,5,1,1,2017,20171,12/30/2016,201612,,,,
BANGLADESH - CHITTAGONG,F-Sweatshirts,02/11/2017,2100,0,7200,37,6,7,1,2,2017,20172,01/30/2017,20171,,,,
BANGLADESH - CHITTAGONG,I-Knitwear,03/13/2016,10008,1,,,12,1,1,3,2016,20163,02/28/2016,20162,,,,
BANGLADESH - CHITTAGONG,I-Knitwear,03/26/2016,10800,0,10008,13,13,7,1,3,2016,20163,02/28/2016,20162,,,,
BANGLADESH - CHITTAGONG,I-Knitwear,03/28/2016,32500,0,10800,2,14,2,1,3,2016,20163,02/28/2016,20162,,,,
BANGLADESH - CHITTAGONG,I-Knitwear,04/06/2016,32460,0,32500,9,15,4,2,4,2016,20164,03/30/2016,20163,,,,
BANGLADESH - CHITTAGONG,I-Knitwear,04/08/2016,18015,0,32460,2,15,6,2,4,2016,20164,03/30/2016,20163,,,,
BANGLADESH - CHITTAGONG,I-Knitwear,04/27/2016,37400,0,18015,19,18,4,2,4,2016,20164,03/30/2016,20163,,,,
BANGLADESH - CHITTAGONG,I-Knitwear,04/29/2016,19005,0,37400,2,18,6,2,4,2016,20164,03/30/2016,20163,,,,
BANGLADESH - CHITTAGONG,I-Knitwear,05/06/2016,46500,0,19005,7,19,6,2,5,2016,20165,04/29/2016,20164,,,,
BANGLADESH - CHITTAGONG,I-Knitwear,05/11/2016,4000,0,46500,5,20,4,2,5,2016,20165,04/29/2016,20164,,,,
BANGLADESH - CHITTAGONG,I-Knitwear,05/14/2016,19815,0,4000,3,20,7,2,5,2016,20165,04/29/2016,20164,,,,
BANGLADESH - CHITTAGONG,I-Knitwear,05/25/2016,8360,0,19815,11,22,4,2,5,2016,20165,04/29/2016,20164,,,,
BANGLADESH - CHITTAGONG,I-Knitwear,05/30/2016,83080,0,8360,5,23,2,2,5,2016,20165,04/29/2016,20164,,,,
BANGLADESH - CHITTAGONG,I-Knitwear,06/06/2016,33808,0,83080,7,24,2,2,6,2016,20166,05/30/2016,20165,,,,
BANGLADESH - CHITTAGONG,I-Knitwear,06/09/2016,55456,0,33808,3,24,5,2,6,2016,20166,05/30/2016,20165,,,,
BANGLADESH - CHITTAGONG,I-Knitwear,06/16/2016,28760,0,55456,7,25,5,2,6,2016,20166,05/30/2016,20165,,,,
BANGLADESH - CHITTAGONG,I-Knitwear,06/18/2016,22410,0,28760,2,25,7,2,6,2016,20166,05/30/2016,20165,,,,
BANGLADESH - CHITTAGONG,I-Knitwear,06/20/2016,5165,0,22410,2,26,2,2,6,2016,20166,05/30/2016,20165,,,,
BANGLADESH - CHITTAGONG,I-Knitwear,06/23/2016,12403,0,5165,3,26,5,2,6,2016,20166,05/30/2016,20165,,,,
BANGLADESH - CHITTAGONG,I-Knitwear,07/05/2016,83979,0,12403,12,28,3,3,7,2016,20167,06/29/2016,20166,,,,
BANGLADESH - CHITTAGONG,I-Knitwear,07/17/2016,31338,0,83979,12,30,1,3,7,2016,20167,06/29/2016,20166,,,,
BANGLADESH - CHITTAGONG,I-Knitwear,07/21/2016,33465,0,31338,4,30,5,3,7,2016,20167,06/29/2016,20166,,,,
BANGLADESH - CHITTAGONG,I-Knitwear,07/30/2016,19032,0,33465,9,31,7,3,7,2016,20167,06/29/2016,20166,,,,
BANGLADESH - CHITTAGONG,I-Knitwear,08/03/2016,28440,0,19032,4,32,4,3,8,2016,20168,07/30/2016,20167,,,,
BANGLADESH - CHITTAGONG,I-Knitwear,08/08/2016,24239,0,28440,5,33,2,3,8,2016,20168,07/30/2016,20167,,,,
BANGLADESH - CHITTAGONG,I-Knitwear,08/13/2016,38562,0,24239,5,33,7,3,8,2016,20168,07/30/2016,20167,,,,
BANGLADESH - CHITTAGONG,I-Knitwear,08/19/2016,24454,0,38562,6,34,6,3,8,2016,20168,07/30/2016,20167,,,,
BANGLADESH - CHITTAGONG,I-Knitwear,08/24/2016,16982,0,24454,5,35,4,3,8,2016,20168,07/30/2016,20167,,,,
BANGLADESH - CHITTAGONG,I-Knitwear,08/29/2016,4752,0,16982,5,36,2,3,8,2016,20168,07/30/2016,20167,,,,
BANGLADESH - CHITTAGONG,I-Knitwear,09/06/2016,37220,0,4752,8,37,3,3,9,2016,20169,08/30/2016,20168,,,,
BANGLADESH - CHITTAGONG,I-Knitwear,09/07/2016,10074,0,37220,1,37,4,3,9,2016,20169,08/30/2016,20168,,,,
BANGLADESH - CHITTAGONG,I-Knitwear,09/09/2016,14644,0,10074,2,37,6,3,9,2016,20169,08/30/2016,20168,,,,
BANGLADESH - CHITTAGONG,I-Knitwear,09/18/2016,19402,0,14644,9,39,1,3,9,2016,20169,08/30/2016,20168,,,,
BANGLADESH - CHITTAGONG,I-Knitwear,09/28/2016,11808,0,19402,10,40,4,3,9,2016,20169,08/30/2016,20168,,,,
BANGLADESH - CHITTAGONG,I-Knitwear,10/06/2016,2391,0,11808,8,41,5,4,10,2016,201610,09/29/2016,20169,,,,
BANGLADESH - CHITTAGONG,I-Knitwear,10/12/2016,3745,0,2391,6,42,4,4,10,2016,201610,09/29/2016,20169,,,,
BANGLADESH - CHITTAGONG,I-Knitwear,10/14/2016,3550,0,3745,2,42,6,4,10,2016,201610,09/29/2016,20169,,,,
BANGLADESH - CHITTAGONG,I-Knitwear,10/23/2016,2000,0,3550,9,44,1,4,10,2016,201610,09/29/2016,20169,,,,
BANGLADESH - CHITTAGONG,I-Knitwear,11/24/2016,2100,0,2000,32,48,5,4,11,2016,201611,10/30/2016,201610,,,,
BANGLADESH - CHITTAGONG,I-Knitwear,12/19/2016,28702,0,2100,25,52,2,4,12,2016,201612,11/29/2016,201611,,,,
BANGLADESH - CHITTAGONG,I-Knitwear,12/24/2016,1800,0,28702,5,52,7,4,12,2016,201612,11/29/2016,201611,,,,
BANGLADESH - CHITTAGONG,I-Knitwear,12/30/2016,6845,0,1800,6,53,6,4,12,2016,201612,11/29/2016,201611,,,,
BANGLADESH - CHITTAGONG,I-Knitwear,01/09/2017,19728,0,6845,10,2,2,1,1,2017,20171,12/30/2016,201612,,,,
BANGLADESH - CHITTAGONG,I-Knitwear,01/17/2017,8152,0,19728,8,3,3,1,1,2017,20171,12/30/2016,201612,,,,
BANGLADESH - CHITTAGONG,I-Knitwear,01/20/2017,2400,0,8152,3,3,6,1,1,2017,20171,12/30/2016,201612,,,,
BANGLADESH - CHITTAGONG,I-Knitwear,01/26/2017,5435,0,2400,6,4,5,1,1,2017,20171,12/30/2016,201612,,,,
BANGLADESH - CHITTAGONG,I-Knitwear,01/29/2017,4944,0,5435,3,5,1,1,1,2017,20171,12/30/2016,201612,,,,
BANGLADESH - CHITTAGONG,I-Knitwear,02/06/2017,8851,0,4944,8,6,2,1,2,2017,20172,01/30/2017,20171,,,,
BANGLADESH - CHITTAGONG,I-Knitwear,03/03/2017,41609,0,8851,25,9,6,1,3,2017,20173,02/27/2017,20172,,,,
BANGLADESH - CHITTAGONG,I-Knitwear,03/14/2017,4000,0,41609,11,11,3,1,3,2017,20173,02/27/2017,20172,,,,
BANGLADESH - CHITTAGONG,K-Shirts,05/14/2016,6380,1,,,20,7,2,5,2016,20165,04/29/2016,20164,,,,
BANGLADESH - CHITTAGONG,K-Shirts,05/25/2016,4440,0,6380,11,22,4,2,5,2016,20165,04/29/2016,20164,,,,
BANGLADESH - CHITTAGONG,K-Shirts,05/30/2016,7070,0,4440,5,23,2,2,5,2016,20165,04/29/2016,20164,,,,
BANGLADESH - CHITTAGONG,K-Shirts,06/09/2016,2970,0,7070,10,24,5,2,6,2016,20166,05/30/2016,20165,,,,
BANGLADESH - CHITTAGONG,K-Shirts,06/23/2016,8400,0,2970,14,26,5,2,6,2016,20166,05/30/2016,20165,,,,
BANGLADESH - CHITTAGONG,K-Shirts,07/05/2016,13800,0,8400,12,28,3,3,7,2016,20167,06/29/2016,20166,,,,
BANGLADESH - CHITTAGONG,K-Shirts,09/09/2016,17035,0,13800,66,37,6,3,9,2016,20169,08/30/2016,20168,,,,
BANGLADESH - CHITTAGONG,K-Shirts,10/06/2016,6047,0,17035,27,41,5,4,10,2016,201610,09/29/2016,20169,,,,
BANGLADESH - CHITTAGONG,K-Shirts,12/24/2016,3580,0,6047,79,52,7,4,12,2016,201612,11/29/2016,201611,,,,
BANGLADESH - CHITTAGONG,K-Shirts,12/26/2016,25620,0,3580,2,53,2,4,12,2016,201612,11/29/2016,201611,,,,
BANGLADESH - CHITTAGONG,K-Shirts,12/29/2016,3000,0,25620,3,53,5,4,12,2016,201612,11/29/2016,201611,,,,
BANGLADESH - CHITTAGONG,K-Shirts,01/05/2017,29940,0,3000,7,1,5,1,1,2017,20171,12/30/2016,201612,,,,
BANGLADESH - CHITTAGONG,K-Shirts,01/09/2017,12820,0,29940,4,2,2,1,1,2017,20171,12/30/2016,201612,,,,
BANGLADESH - CHITTAGONG,K-Shirts,01/17/2017,12600,0,12820,8,3,3,1,1,2017,20171,12/30/2016,201612,,,,
BANGLADESH - CHITTAGONG,K-Shirts,02/11/2017,7500,0,12600,25,6,7,1,2,2017,20172,01/30/2017,20171,,,,
BANGLADESH - CHITTAGONG,K-Shirts,03/03/2017,1800,0,7500,20,9,6,1,3,2017,20173,02/27/2017,20172,,,,
BANGLADESH - CHITTAGONG,M-Tops,03/26/2016,3950,1,,,13,7,1,3,2016,20163,02/28/2016,20162,,,,
BANGLADESH - CHITTAGONG,M-Tops,04/06/2016,27775,0,3950,11,15,4,2,4,2016,20164,03/30/2016,20163,,,,
BANGLADESH - CHITTAGONG,M-Tops,04/20/2016,14250,0,27775,14,17,4,2,4,2016,20164,03/30/2016,20163,,,,
BANGLADESH - CHITTAGONG,M-Tops,05/25/2016,15600,0,14250,35,22,4,2,5,2016,20165,04/29/2016,20164,,,,
BANGLADESH - CHITTAGONG,M-Tops,06/06/2016,28790,0,15600,12,24,2,2,6,2016,20166,05/30/2016,20165,,,,
BANGLADESH - CHITTAGONG,M-Tops,06/09/2016,7850,0,28790,3,24,5,2,6,2016,20166,05/30/2016,20165,,,,
BANGLADESH - CHITTAGONG,M-Tops,06/18/2016,6600,0,7850,9,25,7,2,6,2016,20166,05/30/2016,20165,,,,
BANGLADESH - CHITTAGONG,M-Tops,06/23/2016,28160,0,6600,5,26,5,2,6,2016,20166,05/30/2016,20165,,,,
BANGLADESH - CHITTAGONG,M-Tops,07/05/2016,35138,0,28160,12,28,3,3,7,2016,20167,06/29/2016,20166,,,,
BANGLADESH - CHITTAGONG,M-Tops,07/17/2016,2384,0,35138,12,30,1,3,7,2016,20167,06/29/2016,20166,,,,
BANGLADESH - CHITTAGONG,M-Tops,07/30/2016,4000,0,2384,13,31,7,3,7,2016,20167,06/29/2016,20166,,,,
BANGLADESH - CHITTAGONG,M-Tops,08/19/2016,11800,0,4000,20,34,6,3,8,2016,20168,07/30/2016,20167,,,,
BANGLADESH - CHITTAGONG,M-Tops,08/24/2016,3000,0,11800,5,35,4,3,8,2016,20168,07/30/2016,20167,,,,
BANGLADESH - CHITTAGONG,M-Tops,08/29/2016,3000,0,3000,5,36,2,3,8,2016,20168,07/30/2016,20167,,,,
BANGLADESH - CHITTAGONG,M-Tops,09/18/2016,191,0,3000,20,39,1,3,9,2016,20169,08/30/2016,20168,,,,
BANGLADESH - CHITTAGONG,M-Tops,10/23/2016,12000,0,191,35,44,1,4,10,2016,201610,09/29/2016,20169,,,,
BANGLADESH - CHITTAGONG,M-Tops,12/19/2016,10800,0,12000,57,52,2,4,12,2016,201612,11/29/2016,201611,,,,
BANGLADESH - CHITTAGONG,M-Tops,12/24/2016,25800,0,10800,5,52,7,4,12,2016,201612,11/29/2016,201611,,,,
BANGLADESH - CHITTAGONG,M-Tops,12/27/2016,26400,0,25800,3,53,3,4,12,2016,201612,11/29/2016,201611,,,,
BANGLADESH - CHITTAGONG,M-Tops,01/02/2017,34440,0,26400,6,1,2,1,1,2017,20171,12/30/2016,201612,,,,
BANGLADESH - CHITTAGONG,M-Tops,01/09/2017,35200,0,34440,7,2,2,1,1,2017,20171,12/30/2016,201612,,,,
BANGLADESH - CHITTAGONG,M-Tops,01/17/2017,21380,0,35200,8,3,3,1,1,2017,20171,12/30/2016,201612,,,,
BANGLADESH - CHITTAGONG,M-Tops,01/20/2017,24000,0,21380,3,3,6,1,1,2017,20171,12/30/2016,201612,,,,
BANGLADESH - CHITTAGONG,M-Tops,01/26/2017,8400,0,24000,6,4,5,1,1,2017,20171,12/30/2016,201612,,,,
BANGLADESH - CHITTAGONG,M-Tops,01/28/2017,6000,0,8400,2,4,7,1,1,2017,20171,12/30/2016,201612,,,,
BANGLADESH - CHITTAGONG,M-Tops,01/29/2017,7900,0,6000,1,5,1,1,1,2017,20171,12/30/2016,201612,,,,
BANGLADESH - CHITTAGONG,M-Tops,02/06/2017,47140,0,7900,8,6,2,1,2,2017,20172,01/30/2017,20171,,,,
BANGLADESH - CHITTAGONG,M-Tops,02/11/2017,47790,0,47140,5,6,7,1,2,2017,20172,01/30/2017,20171,,,,
BANGLADESH - CHITTAGONG,M-Tops,02/18/2017,16740,0,47790,7,7,7,1,2,2017,20172,01/30/2017,20171,,,,
BANGLADESH - CHITTAGONG,M-Tops,02/22/2017,22400,0,16740,4,8,4,1,2,2017,20172,01/30/2017,20171,,,,
BANGLADESH - CHITTAGONG,S-Shorts,03/13/2016,11538,1,,,12,1,1,3,2016,20163,02/28/2016,20162,,,,
BANGLADESH - CHITTAGONG,S-Shorts,03/26/2016,9091,0,11538,13,13,7,1,3,2016,20163,02/28/2016,20162,,,,
BANGLADESH - CHITTAGONG,S-Shorts,03/28/2016,2746,0,9091,2,14,2,1,3,2016,20163,02/28/2016,20162,,,,
BANGLADESH - CHITTAGONG,S-Shorts,04/06/2016,17879,0,2746,9,15,4,2,4,2016,20164,03/30/2016,20163,,,,
BANGLADESH - CHITTAGONG,S-Shorts,04/08/2016,21620,0,17879,2,15,6,2,4,2016,20164,03/30/2016,20163,,,,
BANGLADESH - CHITTAGONG,S-Shorts,04/20/2016,7000,0,21620,12,17,4,2,4,2016,20164,03/30/2016,20163,,,,
BANGLADESH - CHITTAGONG,S-Shorts,04/27/2016,14120,0,7000,7,18,4,2,4,2016,20164,03/30/2016,20163,,,,
BANGLADESH - CHITTAGONG,S-Shorts,05/06/2016,16020,0,14120,9,19,6,2,5,2016,20165,04/29/2016,20164,,,,
BANGLADESH - CHITTAGONG,S-Shorts,05/11/2016,13500,0,16020,5,20,4,2,5,2016,20165,04/29/2016,20164,,,,
BANGLADESH - CHITTAGONG,S-Shorts,05/25/2016,8297,0,13500,14,22,4,2,5,2016,20165,04/29/2016,20164,,,,
BANGLADESH - CHITTAGONG,S-Shorts,08/13/2016,2624,0,8297,80,33,7,3,8,2016,20168,07/30/2016,20167,,,,
BANGLADESH - CHITTAGONG,S-Shorts,12/24/2016,18840,0,2624,133,52,7,4,12,2016,201612,11/29/2016,201611,,,,
BANGLADESH - CHITTAGONG,S-Shorts,12/27/2016,33890,0,18840,3,53,3,4,12,2016,201612,11/29/2016,201611,,,,
BANGLADESH - CHITTAGONG,S-Shorts,01/03/2017,15270,0,33890,7,1,3,1,1,2017,20171,12/30/2016,201612,,,,
BANGLADESH - CHITTAGONG,S-Shorts,01/26/2017,5100,0,15270,23,4,5,1,1,2017,20171,12/30/2016,201612,,,,
BANGLADESH - CHITTAGONG,S-Shorts,02/11/2017,6600,0,5100,16,6,7,1,2,2017,20172,01/30/2017,20171,,,,
BANGLADESH - CHITTAGONG,S-Shorts,02/26/2017,6300,0,6600,15,9,1,1,2,2017,20172,01/30/2017,20171,,,,
BANGLADESH - CHITTAGONG,S-Shorts,03/03/2017,10000,0,6300,5,9,6,1,3,2017,20173,02/27/2017,20172,,,,
BANGLADESH - CHITTAGONG,S-Shorts,03/14/2017,4929,0,10000,11,11,3,1,3,2017,20173,02/27/2017,20172,,,,
CAMBODIA - SIHANOUKVILLE,A-Accessories,05/08/2016,8000,1,,,20,1,2,5,2016,20165,04/29/2016,20164,,,,
CAMBODIA - SIHANOUKVILLE,A-Accessories,07/03/2016,5250,0,8000,56,28,1,3,7,2016,20167,06/29/2016,20166,,,,
CAMBODIA - SIHANOUKVILLE,B-Jeans,06/19/2016,29808,1,,,26,1,2,6,2016,20166,05/30/2016,20165,,,,
CAMBODIA - SIHANOUKVILLE,B-Jeans,07/10/2016,29433,0,29808,21,29,1,3,7,2016,20167,06/29/2016,20166,,,,
CAMBODIA - SIHANOUKVILLE,B-Jeans,09/04/2016,23395,0,29433,56,37,1,3,9,2016,20169,08/30/2016,20168,,,,
CAMBODIA - SIHANOUKVILLE,C-Trousers,03/13/2016,13107,1,,,12,1,1,3,2016,20163,02/28/2016,20162,,,,
CAMBODIA - SIHANOUKVILLE,C-Trousers,04/03/2016,6284,0,13107,21,15,1,2,4,2016,20164,03/30/2016,20163,,,,
CAMBODIA - SIHANOUKVILLE,C-Trousers,07/03/2016,11510,0,6284,91,28,1,3,7,2016,20167,06/29/2016,20166,,,,
CAMBODIA - SIHANOUKVILLE,C-Trousers,07/10/2016,480,0,11510,7,29,1,3,7,2016,20167,06/29/2016,20166,,,,
CAMBODIA - SIHANOUKVILLE,C-Trousers,07/24/2016,26212,0,480,14,31,1,3,7,2016,20167,06/29/2016,20166,,,,
CAMBODIA - SIHANOUKVILLE,C-Trousers,07/31/2016,6400,0,26212,7,32,1,3,7,2016,20167,06/29/2016,20166,,,,
CAMBODIA - SIHANOUKVILLE,C-Trousers,08/14/2016,3000,0,6400,14,34,1,3,8,2016,20168,07/30/2016,20167,,,,
CAMBODIA - SIHANOUKVILLE,C-Trousers,01/08/2017,15592,0,3000,147,2,1,1,1,2017,20171,12/30/2016,201612,,,,
CAMBODIA - SIHANOUKVILLE,C-Trousers,02/19/2017,3104,0,15592,42,8,1,1,2,2017,20172,01/30/2017,20171,,,,
CAMBODIA - SIHANOUKVILLE,C-Trousers,02/26/2017,6736,0,3104,7,9,1,1,2,2017,20172,01/30/2017,20171,,,,
CAMBODIA - SIHANOUKVILLE,D-Jackets,02/19/2017,14570,1,,,8,1,1,2,2017,20172,01/30/2017,20171,,,,
CAMBODIA - SIHANOUKVILLE,F-Sweatshirts,05/15/2016,11000,1,,,21,1,2,5,2016,20165,04/29/2016,20164,,,,
CAMBODIA - SIHANOUKVILLE,F-Sweatshirts,06/26/2016,21940,0,11000,42,27,1,2,6,2016,20166,05/30/2016,20165,,,,
CAMBODIA - SIHANOUKVILLE,F-Sweatshirts,07/03/2016,9220,0,21940,7,28,1,3,7,2016,20167,06/29/2016,20166,,,,
CAMBODIA - SIHANOUKVILLE,F-Sweatshirts,07/10/2016,2800,0,9220,7,29,1,3,7,2016,20167,06/29/2016,20166,,,,
CAMBODIA - SIHANOUKVILLE,F-Sweatshirts,07/17/2016,11461,0,2800,7,30,1,3,7,2016,20167,06/29/2016,20166,,,,
CAMBODIA - SIHANOUKVILLE,F-Sweatshirts,07/31/2016,12200,0,11461,14,32,1,3,7,2016,20167,06/29/2016,20166,,,,
CAMBODIA - SIHANOUKVILLE,F-Sweatshirts,08/28/2016,30808,0,12200,28,36,1,3,8,2016,20168,07/30/2016,20167,,,,
CAMBODIA - SIHANOUKVILLE,F-Sweatshirts,09/11/2016,12543,0,30808,14,38,1,3,9,2016,20169,08/30/2016,20168,,,,
CAMBODIA - SIHANOUKVILLE,F-Sweatshirts,09/18/2016,8055,0,12543,7,39,1,3,9,2016,20169,08/30/2016,20168,,,,
CAMBODIA - SIHANOUKVILLE,K-Shirts,08/07/2016,4224,1,,,33,1,3,8,2016,20168,07/30/2016,20167,,,,
CAMBODIA - SIHANOUKVILLE,K-Shirts,08/14/2016,2959,0,4224,7,34,1,3,8,2016,20168,07/30/2016,20167,,,,
CAMBODIA - SIHANOUKVILLE,K-Shirts,09/11/2016,8617,0,2959,28,38,1,3,9,2016,20169,08/30/2016,20168,,,,
CAMBODIA - SIHANOUKVILLE,K-Shirts,09/25/2016,3800,0,8617,14,40,1,3,9,2016,20169,08/30/2016,20168,,,,
CAMBODIA - SIHANOUKVILLE,K-Shirts,10/16/2016,4915,0,3800,21,43,1,4,10,2016,201610,09/29/2016,20169,,,,
CAMBODIA - SIHANOUKVILLE,K-Shirts,10/23/2016,4751,0,4915,7,44,1,4,10,2016,201610,09/29/2016,20169,,,,
CAMBODIA - SIHANOUKVILLE,K-Shirts,12/18/2016,11394,0,4751,56,52,1,4,12,2016,201612,11/29/2016,201611,,,,
CAMBODIA - SIHANOUKVILLE,K-Shirts,01/01/2017,1569,0,11394,14,1,1,1,1,2017,20171,12/30/2016,201612,,,,
CAMBODIA - SIHANOUKVILLE,K-Shirts,01/15/2017,1464,0,1569,14,3,1,1,1,2017,20171,12/30/2016,201612,,,,
CAMBODIA - SIHANOUKVILLE,K-Shirts,01/22/2017,38911,0,1464,7,4,1,1,1,2017,20171,12/30/2016,201612,,,,
CAMBODIA - SIHANOUKVILLE,K-Shirts,02/12/2017,7980,0,38911,21,7,1,1,2,2017,20172,01/30/2017,20171,,,,
CAMBODIA - SIHANOUKVILLE,K-Shirts,02/19/2017,74652,0,7980,7,8,1,1,2,2017,20172,01/30/2017,20171,,,,
CAMBODIA - SIHANOUKVILLE,K-Shirts,02/26/2017,29373,0,74652,7,9,1,1,2,2017,20172,01/30/2017,20171,,,,
CAMBODIA - SIHANOUKVILLE,K-Shirts,03/05/2017,9590,0,29373,7,10,1,1,3,2017,20173,02/27/2017,20172,,,,
CAMBODIA - SIHANOUKVILLE,M-Tops,03/06/2016,29674,1,,,11,1,1,3,2016,20163,02/28/2016,20162,,,,
CAMBODIA - SIHANOUKVILLE,M-Tops,03/13/2016,8868,0,29674,7,12,1,1,3,2016,20163,02/28/2016,20162,,,,
CAMBODIA - SIHANOUKVILLE,M-Tops,08/14/2016,10820,0,8868,154,34,1,3,8,2016,20168,07/30/2016,20167,,,,
CAMBODIA - SIHANOUKVILLE,S-Shorts,03/13/2016,4936,1,,,12,1,1,3,2016,20163,02/28/2016,20162,,,,
CAMBODIA - SIHANOUKVILLE,S-Shorts,04/10/2016,31712,0,4936,28,16,1,2,4,2016,20164,03/30/2016,20163,,,,
CAMBODIA - SIHANOUKVILLE,S-Shorts,05/01/2016,11016,0,31712,21,19,1,2,5,2016,20165,04/29/2016,20164,,,,
CAMBODIA - SIHANOUKVILLE,S-Shorts,01/15/2017,9816,0,11016,259,3,1,1,1,2017,20171,12/30/2016,201612,,,,
CAMBODIA - SIHANOUKVILLE,S-Shorts,02/19/2017,13776,0,9816,35,8,1,1,2,2017,20172,01/30/2017,20171,,,,
CAMBODIA - SIHANOUKVILLE,Y-Skirts,07/03/2016,5808,1,,,28,1,3,7,2016,20167,06/29/2016,20166,,,,
CAMBODIA - SIHANOUKVILLE,Y-Skirts,07/31/2016,13440,0,5808,28,32,1,3,7,2016,20167,06/29/2016,20166,,,,
CAMBODIA - SIHANOUKVILLE,Y-Skirts,11/06/2016,3960,0,13440,98,46,1,4,11,2016,201611,10/30/2016,201610,,,,
CAMBODIA - SIHANOUKVILLE,Y-Skirts,12/04/2016,9920,0,3960,28,50,1,4,12,2016,201612,11/29/2016,201611,,,,
CAMBODIA - SIHANOUKVILLE,Y-Skirts,12/11/2016,4960,0,9920,7,51,1,4,12,2016,201612,11/29/2016,201611,,,,
CAMBODIA - SIHANOUKVILLE,Y-Skirts,01/08/2017,14377,0,4960,28,2,1,1,1,2017,20171,12/30/2016,201612,,,,
CAMBODIA - SIHANOUKVILLE,Y-Skirts,01/15/2017,8435,0,14377,7,3,1,1,1,2017,20171,12/30/2016,201612,,,,
CAMBODIA - SIHANOUKVILLE,Y-Skirts,01/22/2017,7600,0,8435,7,4,1,1,1,2017,20171,12/30/2016,201612,,,,
CAMBODIA - SIHANOUKVILLE,Y-Skirts,02/05/2017,2410,0,7600,14,6,1,1,2,2017,20172,01/30/2017,20171,,,,
CAMBODIA - SIHANOUKVILLE,Y-Skirts,02/12/2017,11992,0,2410,7,7,1,1,2,2017,20172,01/30/2017,20171,,,,
CAMBODIA - SIHANOUKVILLE,Y-Skirts,03/05/2017,10000,0,11992,21,10,1,1,3,2017,20173,02/27/2017,20172,,,,
CHINA - NINGBO,A-Accessories,09/01/2016,1500,1,,,36,5,3,9,2016,20169,08/30/2016,20168,,,,
CHINA - NINGBO,C-Trousers,05/19/2016,2400,1,,,21,5,2,5,2016,20165,04/29/2016,20164,,,,
CHINA - NINGBO,C-Trousers,05/26/2016,1600,0,2400,7,22,5,2,5,2016,20165,04/29/2016,20164,,,,
CHINA - NINGBO,C-Trousers,10/18/2016,4980,0,1600,145,43,3,4,10,2016,201610,09/29/2016,20169,,,,
CHINA - NINGBO,C-Trousers,10/21/2016,3973,0,4980,3,43,6,4,10,2016,201610,09/29/2016,20169,,,,
CHINA - NINGBO,C-Trousers,12/22/2016,3600,0,3973,62,52,5,4,12,2016,201612,11/29/2016,201611,,,,
CHINA - NINGBO,C-Trousers,12/29/2016,2400,0,3600,7,53,5,4,12,2016,201612,11/29/2016,201611,,,,
CHINA - NINGBO,C-Trousers,01/26/2017,670,0,2400,28,4,5,1,1,2017,20171,12/30/2016,201612,,,,
CHINA - NINGBO,D-Jackets,05/24/2016,25446,1,,,22,3,2,5,2016,20165,04/29/2016,20164,,,,
CHINA - NINGBO,F-Sweatshirts,05/19/2016,14220,1,,,21,5,2,5,2016,20165,04/29/2016,20164,,,,
CHINA - NINGBO,F-Sweatshirts,05/26/2016,9030,0,14220,7,22,5,2,5,2016,20165,04/29/2016,20164,,,,
CHINA - NINGBO,F-Sweatshirts,07/10/2016,6980,0,9030,45,29,1,3,7,2016,20167,06/29/2016,20166,,,,
CHINA - NINGBO,F-Sweatshirts,08/17/2016,19654,0,6980,38,34,4,3,8,2016,20168,07/30/2016,20167,,,,
CHINA - NINGBO,F-Sweatshirts,08/25/2016,18054,0,19654,8,35,5,3,8,2016,20168,07/30/2016,20167,,,,
CHINA - NINGBO,F-Sweatshirts,09/08/2016,3150,0,18054,14,37,5,3,9,2016,20169,08/30/2016,20168,,,,
CHINA - NINGBO,F-Sweatshirts,10/18/2016,5000,0,3150,40,43,3,4,10,2016,201610,09/29/2016,20169,,,,
CHINA - NINGBO,F-Sweatshirts,10/21/2016,7390,0,5000,3,43,6,4,10,2016,201610,09/29/2016,20169,,,,
CHINA - NINGBO,F-Sweatshirts,12/08/2016,6790,0,7390,48,50,5,4,12,2016,201612,11/29/2016,201611,,,,
CHINA - NINGBO,F-Sweatshirts,12/22/2016,10620,0,6790,14,52,5,4,12,2016,201612,11/29/2016,201611,,,,
CHINA - NINGBO,F-Sweatshirts,01/11/2017,11864,0,10620,20,2,4,1,1,2017,20171,12/30/2016,201612,,,,
CHINA - NINGBO,F-Sweatshirts,01/26/2017,1710,0,11864,15,4,5,1,1,2017,20171,12/30/2016,201612,,,,
CHINA - NINGBO,I-Knitwear,01/26/2017,1556,1,,,4,5,1,1,2017,20171,12/30/2016,201612,,,,
CHINA - NINGBO,M-Tops,04/08/2016,24710,1,,,15,6,2,4,2016,20164,03/30/2016,20163,,,,
CHINA - NINGBO,M-Tops,06/04/2016,14858,0,24710,57,23,7,2,6,2016,20166,05/30/2016,20165,,,,
CHINA - NINGBO,M-Tops,06/16/2016,10660,0,14858,12,25,5,2,6,2016,20166,05/30/2016,20165,,,,
CHINA - NINGBO,M-Tops,06/30/2016,23460,0,10660,14,27,5,2,6,2016,20166,05/30/2016,20165,,,,
CHINA - NINGBO,M-Tops,08/25/2016,44970,0,23460,56,35,5,3,8,2016,20168,07/30/2016,20167,,,,
CHINA - NINGBO,M-Tops,12/08/2016,12000,0,44970,105,50,5,4,12,2016,201612,11/29/2016,201611,,,,
CHINA - NINGBO,M-Tops,01/11/2017,2886,0,12000,34,2,4,1,1,2017,20171,12/30/2016,201612,,,,
CHINA - NINGBO,M-Tops,01/26/2017,3320,0,2886,15,4,5,1,1,2017,20171,12/30/2016,201612,,,,
CHINA - NINGBO,S-Shorts,12/29/2016,9300,1,,,53,5,4,12,2016,201612,11/29/2016,201611,,,,
CHINA - NINGBO,S-Shorts,01/26/2017,1500,0,9300,28,4,5,1,1,2017,20171,12/30/2016,201612,,,,
CHINA - NINGBO,Y-Skirts,09/08/2016,11150,1,,,37,5,3,9,2016,20169,08/30/2016,20168,,,,
CHINA - NINGBO,Y-Skirts,01/11/2017,1727,0,11150,125,2,4,1,1,2017,20171,12/30/2016,201612,,,,
CHINA - QINGDAO,D-Jackets,05/22/2016,10044,1,,,22,1,2,5,2016,20165,04/29/2016,20164,,,,
CHINA - QINGDAO,D-Jackets,06/24/2016,5980,0,10044,33,26,6,2,6,2016,20166,05/30/2016,20165,,,,
CHINA - QINGDAO,D-Jackets,07/07/2016,502,0,5980,13,28,5,3,7,2016,20167,06/29/2016,20166,,,,
CHINA - QINGDAO,D-Jackets,07/17/2016,4860,0,502,10,30,1,3,7,2016,20167,06/29/2016,20166,,,,
CHINA - QINGDAO,D-Jackets,07/26/2016,2400,0,4860,9,31,3,3,7,2016,20167,06/29/2016,20166,,,,
CHINA - QINGDAO,D-Jackets,08/02/2016,990,0,2400,7,32,3,3,8,2016,20168,07/30/2016,20167,,,,
CHINA - QINGDAO,D-Jackets,08/21/2016,760,0,990,19,35,1,3,8,2016,20168,07/30/2016,20167,,,,
CHINA - QINGDAO,D-Jackets,08/24/2016,3320,0,760,3,35,4,3,8,2016,20168,07/30/2016,20167,,,,
CHINA - QINGDAO,D-Jackets,08/27/2016,3200,0,3320,3,35,7,3,8,2016,20168,07/30/2016,20167,,,,
CHINA - QINGDAO,D-Jackets,09/13/2016,800,0,3200,17,38,3,3,9,2016,20169,08/30/2016,20168,,,,
CHINA - QINGDAO,D-Jackets,01/07/2017,6780,0,800,116,1,7,1,1,2017,20171,12/30/2016,201612,,,,
CHINA - QINGDAO,D-Jackets,01/17/2017,4142,0,6780,10,3,3,1,1,2017,20171,12/30/2016,201612,,,,
CHINA - QINGDAO,F-Sweatshirts,06/24/2016,3568,1,,,26,6,2,6,2016,20166,05/30/2016,20165,,,,
CHINA - QINGDAO,F-Sweatshirts,07/26/2016,2360,0,3568,32,31,3,3,7,2016,20167,06/29/2016,20166,,,,
CHINA - QINGDAO,F-Sweatshirts,08/27/2016,7310,0,2360,32,35,7,3,8,2016,20168,07/30/2016,20167,,,,
CHINA - QINGDAO,F-Sweatshirts,01/17/2017,11620,0,7310,143,3,3,1,1,2017,20171,12/30/2016,201612,,,,
CHINA - QINGDAO,F-Sweatshirts,02/17/2017,6100,0,11620,31,7,6,1,2,2017,20172,01/30/2017,20171,,,,
CHINA - QINGDAO,F-Sweatshirts,02/26/2017,1180,0,6100,9,9,1,1,2,2017,20172,01/30/2017,20171,,,,
CHINA - QINGDAO,I-Knitwear,05/01/2016,25429,1,,,19,1,2,5,2016,20165,04/29/2016,20164,,,,
CHINA - QINGDAO,I-Knitwear,05/08/2016,30832,0,25429,7,20,1,2,5,2016,20165,04/29/2016,20164,,,,
CHINA - QINGDAO,I-Knitwear,05/12/2016,17761,0,30832,4,20,5,2,5,2016,20165,04/29/2016,20164,,,,
CHINA - QINGDAO,I-Knitwear,05/29/2016,2839,0,17761,17,23,1,2,5,2016,20165,04/29/2016,20164,,,,
CHINA - QINGDAO,I-Knitwear,06/05/2016,10200,0,2839,7,24,1,2,6,2016,20166,05/30/2016,20165,,,,
CHINA - QINGDAO,I-Knitwear,06/12/2016,6090,0,10200,7,25,1,2,6,2016,20166,05/30/2016,20165,,,,
CHINA - QINGDAO,I-Knitwear,06/24/2016,18889,0,6090,12,26,6,2,6,2016,20166,05/30/2016,20165,,,,
CHINA - QINGDAO,I-Knitwear,07/07/2016,36744,0,18889,13,28,5,3,7,2016,20167,06/29/2016,20166,,,,
CHINA - QINGDAO,I-Knitwear,07/11/2016,16296,0,36744,4,29,2,3,7,2016,20167,06/29/2016,20166,,,,
CHINA - QINGDAO,I-Knitwear,07/17/2016,35699,0,16296,6,30,1,3,7,2016,20167,06/29/2016,20166,,,,
CHINA - QINGDAO,I-Knitwear,07/26/2016,22384,0,35699,9,31,3,3,7,2016,20167,06/29/2016,20166,,,,
CHINA - QINGDAO,I-Knitwear,08/02/2016,24882,0,22384,7,32,3,3,8,2016,20168,07/30/2016,20167,,,,
CHINA - QINGDAO,I-Knitwear,08/07/2016,9893,0,24882,5,33,1,3,8,2016,20168,07/30/2016,20167,,,,
CHINA - QINGDAO,I-Knitwear,08/09/2016,32240,0,9893,2,33,3,3,8,2016,20168,07/30/2016,20167,,,,
CHINA - QINGDAO,I-Knitwear,08/21/2016,4447,0,32240,12,35,1,3,8,2016,20168,07/30/2016,20167,,,,
CHINA - QINGDAO,I-Knitwear,08/24/2016,45448,0,4447,3,35,4,3,8,2016,20168,07/30/2016,20167,,,,
CHINA - QINGDAO,I-Knitwear,08/27/2016,17128,0,45448,3,35,7,3,8,2016,20168,07/30/2016,20167,,,,
CHINA - QINGDAO,I-Knitwear,09/03/2016,20624,0,17128,7,36,7,3,9,2016,20169,08/30/2016,20168,,,,
CHINA - QINGDAO,I-Knitwear,09/04/2016,4016,0,20624,1,37,1,3,9,2016,20169,08/30/2016,20168,,,,
CHINA - QINGDAO,I-Knitwear,09/06/2016,41676,0,4016,2,37,3,3,9,2016,20169,08/30/2016,20168,,,,
CHINA - QINGDAO,I-Knitwear,09/08/2016,31434,0,41676,2,37,5,3,9,2016,20169,08/30/2016,20168,,,,
CHINA - QINGDAO,I-Knitwear,09/10/2016,14712,0,31434,2,37,7,3,9,2016,20169,08/30/2016,20168,,,,
CHINA - QINGDAO,I-Knitwear,09/13/2016,2648,0,14712,3,38,3,3,9,2016,20169,08/30/2016,20168,,,,
CHINA - QINGDAO,I-Knitwear,09/18/2016,18964,0,2648,5,39,1,3,9,2016,20169,08/30/2016,20168,,,,
CHINA - QINGDAO,I-Knitwear,12/03/2016,4274,0,18964,76,49,7,4,12,2016,201612,11/29/2016,201611,,,,
CHINA - QINGDAO,I-Knitwear,12/11/2016,33944,0,4274,8,51,1,4,12,2016,201612,11/29/2016,201611,,,,
CHINA - QINGDAO,I-Knitwear,12/17/2016,3835,0,33944,6,51,7,4,12,2016,201612,11/29/2016,201611,,,,
CHINA - QINGDAO,I-Knitwear,12/27/2016,13080,0,3835,10,53,3,4,12,2016,201612,11/29/2016,201611,,,,
CHINA - QINGDAO,I-Knitwear,01/07/2017,2983,0,13080,11,1,7,1,1,2017,20171,12/30/2016,201612,,,,
CHINA - QINGDAO,I-Knitwear,01/08/2017,10016,0,2983,1,2,1,1,1,2017,20171,12/30/2016,201612,,,,
CHINA - QINGDAO,I-Knitwear,01/26/2017,12373,0,10016,18,4,5,1,1,2017,20171,12/30/2016,201612,,,,
CHINA - QINGDAO,M-Tops,08/24/2016,1024,1,,,35,4,3,8,2016,20168,07/30/2016,20167,,,,
CHINA - QINGDAO,M-Tops,12/03/2016,3160,0,1024,101,49,7,4,12,2016,201612,11/29/2016,201611,,,,
CHINA - QINGDAO,S-Shorts,01/17/2017,2902,1,,,3,3,1,1,2017,20171,12/30/2016,201612,,,,
CHINA - QINGDAO,Y-Skirts,12/03/2016,1292,1,,,49,7,4,12,2016,201612,11/29/2016,201611,,,,
CHINA - SHANGHAI,A-Accessories,09/06/2016,1504,1,,,37,3,3,9,2016,20169,08/30/2016,20168,,,,
CHINA - SHANGHAI,C-Trousers,04/03/2016,4920,1,,,15,1,2,4,2016,20164,03/30/2016,20163,,,,
CHINA - SHANGHAI,C-Trousers,05/15/2016,3792,0,4920,42,21,1,2,5,2016,20165,04/29/2016,20164,,,,
CHINA - SHANGHAI,C-Trousers,06/28/2016,6108,0,3792,44,27,3,2,6,2016,20166,05/30/2016,20165,,,,
CHINA - SHANGHAI,C-Trousers,07/13/2016,15200,0,6108,15,29,4,3,7,2016,20167,06/29/2016,20166,,,,
CHINA - SHANGHAI,C-Trousers,08/09/2016,1370,0,15200,27,33,3,3,8,2016,20168,07/30/2016,20167,,,,
CHINA - SHANGHAI,C-Trousers,08/10/2016,1370,0,1370,1,33,4,3,8,2016,20168,07/30/2016,20167,,,,
CHINA - SHANGHAI,C-Trousers,08/24/2016,8001,0,1370,14,35,4,3,8,2016,20168,07/30/2016,20167,,,,
CHINA - SHANGHAI,C-Trousers,09/06/2016,10504,0,8001,13,37,3,3,9,2016,20169,08/30/2016,20168,,,,
CHINA - SHANGHAI,C-Trousers,09/20/2016,3834,0,10504,14,39,3,3,9,2016,20169,08/30/2016,20168,,,,
CHINA - SHANGHAI,C-Trousers,11/29/2016,1700,0,3834,70,49,3,4,11,2016,201611,10/30/2016,201610,,,,
CHINA - SHANGHAI,C-Trousers,12/20/2016,2290,0,1700,21,52,3,4,12,2016,201612,11/29/2016,201611,,,,
CHINA - SHANGHAI,C-Trousers,01/22/2017,4350,0,2290,33,4,1,1,1,2017,20171,12/30/2016,201612,,,,
CHINA - SHANGHAI,C-Trousers,01/24/2017,31275,0,4350,2,4,3,1,1,2017,20171,12/30/2016,201612,,,,
CHINA - SHANGHAI,C-Trousers,02/01/2017,17424,0,31275,8,5,4,1,2,2017,20172,01/30/2017,20171,,,,
CHINA - SHANGHAI,C-Trousers,03/14/2017,1700,0,17424,41,11,3,1,3,2017,20173,02/27/2017,20172,,,,
CHINA - SHANGHAI,D-Jackets,04/17/2016,1848,1,,,17,1,2,4,2016,20164,03/30/2016,20163,,,,
CHINA - SHANGHAI,D-Jackets,04/24/2016,11416,0,1848,7,18,1,2,4,2016,20164,03/30/2016,20163,,,,
CHINA - SHANGHAI,D-Jackets,05/01/2016,29457,0,11416,7,19,1,2,5,2016,20165,04/29/2016,20164,,,,
CHINA - SHANGHAI,D-Jackets,05/12/2016,38721,0,29457,11,20,5,2,5,2016,20165,04/29/2016,20164,,,,
CHINA - SHANGHAI,D-Jackets,05/15/2016,1531,0,38721,3,21,1,2,5,2016,20165,04/29/2016,20164,,,,
CHINA - SHANGHAI,D-Jackets,05/24/2016,13370,0,1531,9,22,3,2,5,2016,20165,04/29/2016,20164,,,,
CHINA - SHANGHAI,D-Jackets,06/01/2016,27034,0,13370,8,23,4,2,6,2016,20166,05/30/2016,20165,,,,
CHINA - SHANGHAI,D-Jackets,06/06/2016,12247,0,27034,5,24,2,2,6,2016,20166,05/30/2016,20165,,,,
CHINA - SHANGHAI,D-Jackets,06/15/2016,24666,0,12247,9,25,4,2,6,2016,20166,05/30/2016,20165,,,,
CHINA - SHANGHAI,D-Jackets,06/26/2016,3204,0,24666,11,27,1,2,6,2016,20166,05/30/2016,20165,,,,
CHINA - SHANGHAI,D-Jackets,06/28/2016,22140,0,3204,2,27,3,2,6,2016,20166,05/30/2016,20165,,,,
CHINA - SHANGHAI,D-Jackets,07/05/2016,4850,0,22140,7,28,3,3,7,2016,20167,06/29/2016,20166,,,,
CHINA - SHANGHAI,D-Jackets,07/09/2016,9938,0,4850,4,28,7,3,7,2016,20167,06/29/2016,20166,,,,
CHINA - SHANGHAI,D-Jackets,07/13/2016,48497,0,9938,4,29,4,3,7,2016,20167,06/29/2016,20166,,,,
CHINA - SHANGHAI,D-Jackets,07/23/2016,15419,0,48497,10,30,7,3,7,2016,20167,06/29/2016,20166,,,,
CHINA - SHANGHAI,D-Jackets,07/29/2016,36772,0,15419,6,31,6,3,7,2016,20167,06/29/2016,20166,,,,
CHINA - SHANGHAI,D-Jackets,07/31/2016,6891,0,36772,2,32,1,3,7,2016,20167,06/29/2016,20166,,,,
CHINA - SHANGHAI,D-Jackets,08/03/2016,41397,0,6891,3,32,4,3,8,2016,20168,07/30/2016,20167,,,,
CHINA - SHANGHAI,D-Jackets,08/07/2016,4009,0,41397,4,33,1,3,8,2016,20168,07/30/2016,20167,,,,
CHINA - SHANGHAI,D-Jackets,08/09/2016,2607,0,4009,2,33,3,3,8,2016,20168,07/30/2016,20167,,,,
CHINA - SHANGHAI,D-Jackets,08/10/2016,5008,0,2607,1,33,4,3,8,2016,20168,07/30/2016,20167,,,,
CHINA - SHANGHAI,D-Jackets,08/14/2016,5000,0,5008,4,34,1,3,8,2016,20168,07/30/2016,20167,,,,
CHINA - SHANGHAI,D-Jackets,08/16/2016,33347,0,5000,2,34,3,3,8,2016,20168,07/30/2016,20167,,,,
CHINA - SHANGHAI,D-Jackets,08/17/2016,11498,0,33347,1,34,4,3,8,2016,20168,07/30/2016,20167,,,,
CHINA - SHANGHAI,D-Jackets,08/24/2016,18393,0,11498,7,35,4,3,8,2016,20168,07/30/2016,20167,,,,
CHINA - SHANGHAI,D-Jackets,08/30/2016,18338,0,18393,6,36,3,3,8,2016,20168,07/30/2016,20167,,,,
CHINA - SHANGHAI,D-Jackets,09/05/2016,1410,0,18338,6,37,2,3,9,2016,20169,08/30/2016,20168,,,,
CHINA - SHANGHAI,D-Jackets,09/06/2016,22621,0,1410,1,37,3,3,9,2016,20169,08/30/2016,20168,,,,
CHINA - SHANGHAI,D-Jackets,09/13/2016,3467,0,22621,7,38,3,3,9,2016,20169,08/30/2016,20168,,,,
CHINA - SHANGHAI,D-Jackets,09/20/2016,11861,0,3467,7,39,3,3,9,2016,20169,08/30/2016,20168,,,,
CHINA - SHANGHAI,D-Jackets,09/26/2016,2988,0,11861,6,40,2,3,9,2016,20169,08/30/2016,20168,,,,
CHINA - SHANGHAI,D-Jackets,09/27/2016,2928,0,2988,1,40,3,3,9,2016,20169,08/30/2016,20168,,,,
CHINA - SHANGHAI,D-Jackets,10/07/2016,3058,0,2928,10,41,6,4,10,2016,201610,09/29/2016,20169,,,,
CHINA - SHANGHAI,D-Jackets,11/10/2016,1700,0,3058,34,46,5,4,11,2016,201611,10/30/2016,201610,,,,
CHINA - SHANGHAI,D-Jackets,11/22/2016,1296,0,1700,12,48,3,4,11,2016,201611,10/30/2016,201610,,,,
CHINA - SHANGHAI,D-Jackets,12/06/2016,5036,0,1296,14,50,3,4,12,2016,201612,11/29/2016,201611,,,,
CHINA - SHANGHAI,D-Jackets,01/09/2017,3349,0,5036,34,2,2,1,1,2017,20171,12/30/2016,201612,,,,
CHINA - SHANGHAI,D-Jackets,01/22/2017,1736,0,3349,13,4,1,1,1,2017,20171,12/30/2016,201612,,,,
CHINA - SHANGHAI,D-Jackets,01/24/2017,2000,0,1736,2,4,3,1,1,2017,20171,12/30/2016,201612,,,,
CHINA - SHANGHAI,D-Jackets,02/01/2017,1748,0,2000,8,5,4,1,2,2017,20172,01/30/2017,20171,,,,
CHINA - SHANGHAI,F-Sweatshirts,06/15/2016,1000,1,,,25,4,2,6,2016,20166,05/30/2016,20165,,,,
CHINA - SHANGHAI,F-Sweatshirts,06/26/2016,2000,0,1000,11,27,1,2,6,2016,20166,05/30/2016,20165,,,,
CHINA - SHANGHAI,F-Sweatshirts,06/28/2016,21510,0,2000,2,27,3,2,6,2016,20166,05/30/2016,20165,,,,
CHINA - SHANGHAI,F-Sweatshirts,07/13/2016,21910,0,21510,15,29,4,3,7,2016,20167,06/29/2016,20166,,,,
CHINA - SHANGHAI,F-Sweatshirts,07/23/2016,3590,0,21910,10,30,7,3,7,2016,20167,06/29/2016,20166,,,,
CHINA - SHANGHAI,F-Sweatshirts,07/31/2016,23250,0,3590,8,32,1,3,7,2016,20167,06/29/2016,20166,,,,
CHINA - SHANGHAI,F-Sweatshirts,08/16/2016,25330,0,23250,16,34,3,3,8,2016,20168,07/30/2016,20167,,,,
CHINA - SHANGHAI,F-Sweatshirts,08/24/2016,17210,0,25330,8,35,4,3,8,2016,20168,07/30/2016,20167,,,,
CHINA - SHANGHAI,F-Sweatshirts,09/06/2016,10026,0,17210,13,37,3,3,9,2016,20169,08/30/2016,20168,,,,
CHINA - SHANGHAI,F-Sweatshirts,11/03/2016,5150,0,10026,58,45,5,4,11,2016,201611,10/30/2016,201610,,,,
CHINA - SHANGHAI,F-Sweatshirts,11/19/2016,10040,0,5150,16,47,7,4,11,2016,201611,10/30/2016,201610,,,,
CHINA - SHANGHAI,F-Sweatshirts,12/20/2016,16580,0,10040,31,52,3,4,12,2016,201612,11/29/2016,201611,,,,
CHINA - SHANGHAI,F-Sweatshirts,12/31/2016,11450,0,16580,11,53,7,4,12,2016,201612,11/29/2016,201611,,,,
CHINA - SHANGHAI,F-Sweatshirts,01/22/2017,19580,0,11450,22,4,1,1,1,2017,20171,12/30/2016,201612,,,,
CHINA - SHANGHAI,F-Sweatshirts,02/01/2017,8690,0,19580,10,5,4,1,2,2017,20172,01/30/2017,20171,,,,
CHINA - SHANGHAI,F-Sweatshirts,03/14/2017,1300,0,8690,41,11,3,1,3,2017,20173,02/27/2017,20172,,,,
CHINA - SHANGHAI,I-Knitwear,03/25/2016,5212,1,,,13,6,1,3,2016,20163,02/28/2016,20162,,,,
CHINA - SHANGHAI,I-Knitwear,04/14/2016,1002,0,5212,20,16,5,2,4,2016,20164,03/30/2016,20163,,,,
CHINA - SHANGHAI,I-Knitwear,04/17/2016,1608,0,1002,3,17,1,2,4,2016,20164,03/30/2016,20163,,,,
CHINA - SHANGHAI,I-Knitwear,04/24/2016,2760,0,1608,7,18,1,2,4,2016,20164,03/30/2016,20163,,,,
CHINA - SHANGHAI,I-Knitwear,06/26/2016,14727,0,2760,63,27,1,2,6,2016,20166,05/30/2016,20165,,,,
CHINA - SHANGHAI,I-Knitwear,07/09/2016,3200,0,14727,13,28,7,3,7,2016,20167,06/29/2016,20166,,,,
CHINA - SHANGHAI,I-Knitwear,07/13/2016,9463,0,3200,4,29,4,3,7,2016,20167,06/29/2016,20166,,,,
CHINA - SHANGHAI,I-Knitwear,07/20/2016,7910,0,9463,7,30,4,3,7,2016,20167,06/29/2016,20166,,,,
CHINA - SHANGHAI,I-Knitwear,07/23/2016,1219,0,7910,3,30,7,3,7,2016,20167,06/29/2016,20166,,,,
CHINA - SHANGHAI,I-Knitwear,08/03/2016,12243,0,1219,11,32,4,3,8,2016,20168,07/30/2016,20167,,,,
CHINA - SHANGHAI,I-Knitwear,08/09/2016,2398,0,12243,6,33,3,3,8,2016,20168,07/30/2016,20167,,,,
CHINA - SHANGHAI,I-Knitwear,08/30/2016,3588,0,2398,21,36,3,3,8,2016,20168,07/30/2016,20167,,,,
CHINA - SHANGHAI,I-Knitwear,09/06/2016,11986,0,3588,7,37,3,3,9,2016,20169,08/30/2016,20168,,,,
CHINA - SHANGHAI,I-Knitwear,09/11/2016,6880,0,11986,5,38,1,3,9,2016,20169,08/30/2016,20168,,,,
CHINA - SHANGHAI,I-Knitwear,09/13/2016,5552,0,6880,2,38,3,3,9,2016,20169,08/30/2016,20168,,,,
CHINA - SHANGHAI,I-Knitwear,09/20/2016,7715,0,5552,7,39,3,3,9,2016,20169,08/30/2016,20168,,,,
CHINA - SHANGHAI,I-Knitwear,09/27/2016,13675,0,7715,7,40,3,3,9,2016,20169,08/30/2016,20168,,,,
CHINA - SHANGHAI,I-Knitwear,11/29/2016,3787,0,13675,63,49,3,4,11,2016,201611,10/30/2016,201610,,,,
CHINA - SHANGHAI,I-Knitwear,03/11/2017,1140,0,3787,102,10,7,1,3,2017,20173,02/27/2017,20172,,,,
CHINA - SHANGHAI,K-Shirts,07/09/2016,2415,1,,,28,7,3,7,2016,20167,06/29/2016,20166,,,,
CHINA - SHANGHAI,K-Shirts,07/13/2016,1146,0,2415,4,29,4,3,7,2016,20167,06/29/2016,20166,,,,
CHINA - SHANGHAI,K-Shirts,08/03/2016,10000,0,1146,21,32,4,3,8,2016,20168,07/30/2016,20167,,,,
CHINA - SHANGHAI,K-Shirts,08/24/2016,12000,0,10000,21,35,4,3,8,2016,20168,07/30/2016,20167,,,,
CHINA - SHANGHAI,K-Shirts,09/20/2016,783,0,12000,27,39,3,3,9,2016,20169,08/30/2016,20168,,,,
CHINA - SHANGHAI,K-Shirts,11/19/2016,10992,0,783,60,47,7,4,11,2016,201611,10/30/2016,201610,,,,
CHINA - SHANGHAI,M-Tops,04/17/2016,10242,1,,,17,1,2,4,2016,20164,03/30/2016,20163,,,,
CHINA - SHANGHAI,M-Tops,04/24/2016,1002,0,10242,7,18,1,2,4,2016,20164,03/30/2016,20163,,,,
CHINA - SHANGHAI,M-Tops,05/01/2016,4400,0,1002,7,19,1,2,5,2016,20165,04/29/2016,20164,,,,
CHINA - SHANGHAI,M-Tops,05/12/2016,8220,0,4400,11,20,5,2,5,2016,20165,04/29/2016,20164,,,,
CHINA - SHANGHAI,M-Tops,05/15/2016,4403,0,8220,3,21,1,2,5,2016,20165,04/29/2016,20164,,,,
CHINA - SHANGHAI,M-Tops,06/08/2016,4234,0,4403,24,24,4,2,6,2016,20166,05/30/2016,20165,,,,
CHINA - SHANGHAI,M-Tops,06/28/2016,5980,0,4234,20,27,3,2,6,2016,20166,05/30/2016,20165,,,,
CHINA - SHANGHAI,M-Tops,07/13/2016,12600,0,5980,15,29,4,3,7,2016,20167,06/29/2016,20166,,,,
CHINA - SHANGHAI,M-Tops,08/16/2016,102156,0,12600,34,34,3,3,8,2016,20168,07/30/2016,20167,,,,
CHINA - SHANGHAI,M-Tops,08/30/2016,22008,0,102156,14,36,3,3,8,2016,20168,07/30/2016,20167,,,,
CHINA - SHANGHAI,M-Tops,09/20/2016,10020,0,22008,21,39,3,3,9,2016,20169,08/30/2016,20168,,,,
CHINA - SHANGHAI,M-Tops,11/19/2016,26400,0,10020,60,47,7,4,11,2016,201611,10/30/2016,201610,,,,
CHINA - SHANGHAI,M-Tops,11/22/2016,12000,0,26400,3,48,3,4,11,2016,201611,10/30/2016,201610,,,,
CHINA - SHANGHAI,M-Tops,11/29/2016,27060,0,12000,7,49,3,4,11,2016,201611,10/30/2016,201610,,,,
CHINA - SHANGHAI,M-Tops,01/24/2017,12000,0,27060,56,4,3,1,1,2017,20171,12/30/2016,201612,,,,
CHINA - SHANGHAI,S-Shorts,12/20/2016,10100,1,,,52,3,4,12,2016,201612,11/29/2016,201611,,,,
CHINA - SHANGHAI,S-Shorts,12/27/2016,3540,0,10100,7,53,3,4,12,2016,201612,11/29/2016,201611,,,,
CHINA - SHANGHAI,S-Shorts,01/22/2017,6096,0,3540,26,4,1,1,1,2017,20171,12/30/2016,201612,,,,
CHINA - SHANGHAI,Y-Skirts,04/03/2016,7504,1,,,15,1,2,4,2016,20164,03/30/2016,20163,,,,
CHINA - SHANGHAI,Y-Skirts,05/01/2016,2096,0,7504,28,19,1,2,5,2016,20165,04/29/2016,20164,,,,
CHINA - SHANGHAI,Y-Skirts,06/08/2016,2048,0,2096,38,24,4,2,6,2016,20166,05/30/2016,20165,,,,
CHINA - SHANGHAI,Y-Skirts,06/26/2016,18978,0,2048,18,27,1,2,6,2016,20166,05/30/2016,20165,,,,
CHINA - SHANGHAI,Y-Skirts,06/28/2016,3846,0,18978,2,27,3,2,6,2016,20166,05/30/2016,20165,,,,
CHINA - SHANGHAI,Y-Skirts,07/09/2016,4268,0,3846,11,28,7,3,7,2016,20167,06/29/2016,20166,,,,
CHINA - SHANGHAI,Y-Skirts,07/13/2016,28354,0,4268,4,29,4,3,7,2016,20167,06/29/2016,20166,,,,
CHINA - SHANGHAI,Y-Skirts,07/23/2016,35744,0,28354,10,30,7,3,7,2016,20167,06/29/2016,20166,,,,
CHINA - SHANGHAI,Y-Skirts,08/16/2016,8046,0,35744,24,34,3,3,8,2016,20168,07/30/2016,20167,,,,
CHINA - SHANGHAI,Y-Skirts,08/24/2016,24048,0,8046,8,35,4,3,8,2016,20168,07/30/2016,20167,,,,
CHINA - SHANGHAI,Y-Skirts,08/30/2016,9340,0,24048,6,36,3,3,8,2016,20168,07/30/2016,20167,,,,
CHINA - SHANGHAI,Y-Skirts,09/20/2016,4853,0,9340,21,39,3,3,9,2016,20169,08/30/2016,20168,,,,
CHINA - SHANGHAI,Y-Skirts,12/13/2016,3240,0,4853,84,51,3,4,12,2016,201612,11/29/2016,201611,,,,
CHINA - XIAMEN,D-Jackets,11/12/2016,5980,1,,,46,7,4,11,2016,201611,10/30/2016,201610,,,,
CHINA - XIAMEN,D-Jackets,12/18/2016,4060,0,5980,36,52,1,4,12,2016,201612,11/29/2016,201611,,,,
CHINA - XIAMEN,D-Jackets,02/02/2017,9560,0,4060,46,5,5,1,2,2017,20172,01/30/2017,20171,,,,
CHINA - XIAMEN,I-Knitwear,07/28/2016,2100,1,,,31,5,3,7,2016,20167,06/29/2016,20166,,,,
CHINA - XIAMEN,I-Knitwear,09/03/2016,6450,0,2100,37,36,7,3,9,2016,20169,08/30/2016,20168,,,,
CHINA - XIAMEN,M-Tops,12/04/2016,8726,1,,,50,1,4,12,2016,201612,11/29/2016,201611,,,,
CHINA - YANTIAN,A-Accessories,05/23/2016,5900,1,,,22,2,2,5,2016,20165,04/29/2016,20164,,,,
CHINA - YANTIAN,B-Jeans,03/25/2016,9575,1,,,13,6,1,3,2016,20163,02/28/2016,20162,,,,
CHINA - YANTIAN,B-Jeans,04/01/2016,9047,0,9575,7,14,6,2,4,2016,20164,03/30/2016,20163,,,,
CHINA - YANTIAN,B-Jeans,04/05/2016,15137,0,9047,4,15,3,2,4,2016,20164,03/30/2016,20163,,,,
CHINA - YANTIAN,B-Jeans,04/12/2016,8160,0,15137,7,16,3,2,4,2016,20164,03/30/2016,20163,,,,
CHINA - YANTIAN,B-Jeans,04/14/2016,13337,0,8160,2,16,5,2,4,2016,20164,03/30/2016,20163,,,,
CHINA - YANTIAN,B-Jeans,04/18/2016,8988,0,13337,4,17,2,2,4,2016,20164,03/30/2016,20163,,,,
CHINA - YANTIAN,B-Jeans,04/26/2016,23949,0,8988,8,18,3,2,4,2016,20164,03/30/2016,20163,,,,
CHINA - YANTIAN,B-Jeans,05/01/2016,5045,0,23949,5,19,1,2,5,2016,20165,04/29/2016,20164,,,,
CHINA - YANTIAN,B-Jeans,05/08/2016,27860,0,5045,7,20,1,2,5,2016,20165,04/29/2016,20164,,,,
CHINA - YANTIAN,B-Jeans,05/13/2016,7844,0,27860,5,20,6,2,5,2016,20165,04/29/2016,20164,,,,
CHINA - YANTIAN,B-Jeans,05/19/2016,14999,0,7844,6,21,5,2,5,2016,20165,04/29/2016,20164,,,,
CHINA - YANTIAN,B-Jeans,05/26/2016,660,0,14999,7,22,5,2,5,2016,20165,04/29/2016,20164,,,,
CHINA - YANTIAN,B-Jeans,05/29/2016,14364,0,660,3,23,1,2,5,2016,20165,04/29/2016,20164,,,,
CHINA - YANTIAN,B-Jeans,06/03/2016,26350,0,14364,5,23,6,2,6,2016,20166,05/30/2016,20165,,,,
CHINA - YANTIAN,B-Jeans,06/06/2016,42172,0,26350,3,24,2,2,6,2016,20166,05/30/2016,20165,,,,
CHINA - YANTIAN,B-Jeans,06/16/2016,21075,0,42172,10,25,5,2,6,2016,20166,05/30/2016,20165,,,,
CHINA - YANTIAN,B-Jeans,06/20/2016,23167,0,21075,4,26,2,2,6,2016,20166,05/30/2016,20165,,,,
CHINA - YANTIAN,B-Jeans,06/30/2016,15343,0,23167,10,27,5,2,6,2016,20166,05/30/2016,20165,,,,
CHINA - YANTIAN,B-Jeans,07/02/2016,22328,0,15343,2,27,7,3,7,2016,20167,06/29/2016,20166,,,,
CHINA - YANTIAN,B-Jeans,07/04/2016,22255,0,22328,2,28,2,3,7,2016,20167,06/29/2016,20166,,,,
CHINA - YANTIAN,B-Jeans,07/09/2016,14354,0,22255,5,28,7,3,7,2016,20167,06/29/2016,20166,,,,
CHINA - YANTIAN,B-Jeans,07/14/2016,21351,0,14354,5,29,5,3,7,2016,20167,06/29/2016,20166,,,,
CHINA - YANTIAN,B-Jeans,07/18/2016,36408,0,21351,4,30,2,3,7,2016,20167,06/29/2016,20166,,,,
CHINA - YANTIAN,B-Jeans,07/21/2016,31226,0,36408,3,30,5,3,7,2016,20167,06/29/2016,20166,,,,
CHINA - YANTIAN,B-Jeans,07/22/2016,13641,0,31226,1,30,6,3,7,2016,20167,06/29/2016,20166,,,,
CHINA - YANTIAN,B-Jeans,07/24/2016,8886,0,13641,2,31,1,3,7,2016,20167,06/29/2016,20166,,,,
CHINA - YANTIAN,B-Jeans,07/28/2016,25816,0,8886,4,31,5,3,7,2016,20167,06/29/2016,20166,,,,
CHINA - YANTIAN,B-Jeans,07/29/2016,994,0,25816,1,31,6,3,7,2016,20167,06/29/2016,20166,,,,
CHINA - YANTIAN,B-Jeans,08/02/2016,21150,0,994,4,32,3,3,8,2016,20168,07/30/2016,20167,,,,
CHINA - YANTIAN,B-Jeans,08/07/2016,16882,0,21150,5,33,1,3,8,2016,20168,07/30/2016,20167,,,,
CHINA - YANTIAN,B-Jeans,08/11/2016,6169,0,16882,4,33,5,3,8,2016,20168,07/30/2016,20167,,,,
CHINA - YANTIAN,B-Jeans,08/21/2016,16251,0,6169,10,35,1,3,8,2016,20168,07/30/2016,20167,,,,
CHINA - YANTIAN,B-Jeans,08/25/2016,17418,0,16251,4,35,5,3,8,2016,20168,07/30/2016,20167,,,,
CHINA - YANTIAN,B-Jeans,09/02/2016,6273,0,17418,8,36,6,3,9,2016,20169,08/30/2016,20168,,,,
CHINA - YANTIAN,B-Jeans,09/09/2016,23210,0,6273,7,37,6,3,9,2016,20169,08/30/2016,20168,,,,
CHINA - YANTIAN,B-Jeans,09/12/2016,10240,0,23210,3,38,2,3,9,2016,20169,08/30/2016,20168,,,,
CHINA - YANTIAN,B-Jeans,09/23/2016,28497,0,10240,11,39,6,3,9,2016,20169,08/30/2016,20168,,,,
CHINA - YANTIAN,B-Jeans,09/27/2016,40388,0,28497,4,40,3,3,9,2016,20169,08/30/2016,20168,,,,
CHINA - YANTIAN,B-Jeans,10/02/2016,29590,0,40388,5,41,1,4,10,2016,201610,09/29/2016,20169,,,,
CHINA - YANTIAN,B-Jeans,10/23/2016,3757,0,29590,21,44,1,4,10,2016,201610,09/29/2016,20169,,,,
CHINA - YANTIAN,B-Jeans,10/25/2016,7664,0,3757,2,44,3,4,10,2016,201610,09/29/2016,20169,,,,
CHINA - YANTIAN,B-Jeans,11/01/2016,8730,0,7664,7,45,3,4,11,2016,201611,10/30/2016,201610,,,,
CHINA - YANTIAN,B-Jeans,11/04/2016,9946,0,8730,3,45,6,4,11,2016,201611,10/30/2016,201610,,,,
CHINA - YANTIAN,B-Jeans,11/09/2016,19350,0,9946,5,46,4,4,11,2016,201611,10/30/2016,201610,,,,
CHINA - YANTIAN,B-Jeans,11/13/2016,7542,0,19350,4,47,1,4,11,2016,201611,10/30/2016,201610,,,,
CHINA - YANTIAN,B-Jeans,11/21/2016,8059,0,7542,8,48,2,4,11,2016,201611,10/30/2016,201610,,,,
CHINA - YANTIAN,B-Jeans,12/02/2016,48217,0,8059,11,49,6,4,12,2016,201612,11/29/2016,201611,,,,
CHINA - YANTIAN,B-Jeans,12/05/2016,13560,0,48217,3,50,2,4,12,2016,201612,11/29/2016,201611,,,,
CHINA - YANTIAN,B-Jeans,12/09/2016,9904,0,13560,4,50,6,4,12,2016,201612,11/29/2016,201611,,,,
CHINA - YANTIAN,B-Jeans,12/12/2016,13265,0,9904,3,51,2,4,12,2016,201612,11/29/2016,201611,,,,
CHINA - YANTIAN,B-Jeans,12/16/2016,6852,0,13265,4,51,6,4,12,2016,201612,11/29/2016,201611,,,,
CHINA - YANTIAN,B-Jeans,12/19/2016,21381,0,6852,3,52,2,4,12,2016,201612,11/29/2016,201611,,,,
CHINA - YANTIAN,B-Jeans,12/20/2016,7302,0,21381,1,52,3,4,12,2016,201612,11/29/2016,201611,,,,
CHINA - YANTIAN,B-Jeans,12/23/2016,7253,0,7302,3,52,6,4,12,2016,201612,11/29/2016,201611,,,,
CHINA - YANTIAN,B-Jeans,12/25/2016,6181,0,7253,2,53,1,4,12,2016,201612,11/29/2016,201611,,,,
CHINA - YANTIAN,B-Jeans,12/26/2016,2260,0,6181,1,53,2,4,12,2016,201612,11/29/2016,201611,,,,
CHINA - YANTIAN,B-Jeans,12/30/2016,5004,0,2260,4,53,6,4,12,2016,201612,11/29/2016,201611,,,,
CHINA - YANTIAN,B-Jeans,01/02/2017,4635,0,5004,3,1,2,1,1,2017,20171,12/30/2016,201612,,,,
CHINA - YANTIAN,B-Jeans,01/09/2017,10868,0,4635,7,2,2,1,1,2017,20171,12/30/2016,201612,,,,
CHINA - YANTIAN,B-Jeans,01/13/2017,40440,0,10868,4,2,6,1,1,2017,20171,12/30/2016,201612,,,,
CHINA - YANTIAN,B-Jeans,01/16/2017,9736,0,40440,3,3,2,1,1,2017,20171,12/30/2016,201612,,,,
CHINA - YANTIAN,B-Jeans,01/19/2017,25158,0,9736,3,3,5,1,1,2017,20171,12/30/2016,201612,,,,
CHINA - YANTIAN,B-Jeans,01/23/2017,13903,0,25158,4,4,2,1,1,2017,20171,12/30/2016,201612,,,,
CHINA - YANTIAN,B-Jeans,01/29/2017,38214,0,13903,6,5,1,1,1,2017,20171,12/30/2016,201612,,,,
CHINA - YANTIAN,B-Jeans,01/30/2017,6505,0,38214,1,5,2,1,1,2017,20171,12/30/2016,201612,,,,
CHINA - YANTIAN,B-Jeans,02/27/2017,11261,0,6505,28,9,2,1,2,2017,20172,01/30/2017,20171,,,,
CHINA - YANTIAN,B-Jeans,03/06/2017,9203,0,11261,7,10,2,1,3,2017,20173,02/27/2017,20172,,,,
CHINA - YANTIAN,B-Jeans,03/14/2017,4880,0,9203,8,11,3,1,3,2017,20173,02/27/2017,20172,,,,
CHINA - YANTIAN,B-Jeans,03/20/2017,2724,0,4880,6,12,2,1,3,2017,20173,02/27/2017,20172,,,,
CHINA - YANTIAN,C-Trousers,04/05/2016,1011,1,,,15,3,2,4,2016,20164,03/30/2016,20163,,,,
CHINA - YANTIAN,C-Trousers,04/12/2016,1334,0,1011,7,16,3,2,4,2016,20164,03/30/2016,20163,,,,
CHINA - YANTIAN,C-Trousers,05/19/2016,11186,0,1334,37,21,5,2,5,2016,20165,04/29/2016,20164,,,,
CHINA - YANTIAN,C-Trousers,06/03/2016,3965,0,11186,15,23,6,2,6,2016,20166,05/30/2016,20165,,,,
CHINA - YANTIAN,C-Trousers,08/07/2016,8232,0,3965,65,33,1,3,8,2016,20168,07/30/2016,20167,,,,
CHINA - YANTIAN,C-Trousers,08/25/2016,9126,0,8232,18,35,5,3,8,2016,20168,07/30/2016,20167,,,,
CHINA - YANTIAN,C-Trousers,09/23/2016,5952,0,9126,29,39,6,3,9,2016,20169,08/30/2016,20168,,,,
CHINA - YANTIAN,C-Trousers,11/21/2016,1199,0,5952,59,48,2,4,11,2016,201611,10/30/2016,201610,,,,
CHINA - YANTIAN,C-Trousers,12/02/2016,6165,0,1199,11,49,6,4,12,2016,201612,11/29/2016,201611,,,,
CHINA - YANTIAN,C-Trousers,12/05/2016,32692,0,6165,3,50,2,4,12,2016,201612,11/29/2016,201611,,,,
CHINA - YANTIAN,C-Trousers,12/12/2016,4930,0,32692,7,51,2,4,12,2016,201612,11/29/2016,201611,,,,
CHINA - YANTIAN,C-Trousers,01/02/2017,1987,0,4930,21,1,2,1,1,2017,20171,12/30/2016,201612,,,,
CHINA - YANTIAN,C-Trousers,01/16/2017,609,0,1987,14,3,2,1,1,2017,20171,12/30/2016,201612,,,,
CHINA - YANTIAN,C-Trousers,01/29/2017,1430,0,609,13,5,1,1,1,2017,20171,12/30/2016,201612,,,,
CHINA - YANTIAN,D-Jackets,09/02/2016,1304,1,,,36,6,3,9,2016,20169,08/30/2016,20168,,,,
CHINA - YANTIAN,D-Jackets,12/12/2016,9755,0,1304,101,51,2,4,12,2016,201612,11/29/2016,201611,,,,
CHINA - YANTIAN,D-Jackets,01/02/2017,6466,0,9755,21,1,2,1,1,2017,20171,12/30/2016,201612,,,,
CHINA - YANTIAN,D-Jackets,01/13/2017,3883,0,6466,11,2,6,1,1,2017,20171,12/30/2016,201612,,,,
CHINA - YANTIAN,D-Jackets,03/06/2017,11453,0,3883,52,10,2,1,3,2017,20173,02/27/2017,20172,,,,
CHINA - YANTIAN,F-Sweatshirts,01/30/2017,1014,1,,,5,2,1,1,2017,20171,12/30/2016,201612,,,,
CHINA - YANTIAN,I-Knitwear,03/30/2016,7253,1,,,14,4,1,3,2016,20163,02/28/2016,20162,,,,
CHINA - YANTIAN,I-Knitwear,04/26/2016,6500,0,7253,27,18,3,2,4,2016,20164,03/30/2016,20163,,,,
CHINA - YANTIAN,I-Knitwear,05/08/2016,4448,0,6500,12,20,1,2,5,2016,20165,04/29/2016,20164,,,,
CHINA - YANTIAN,I-Knitwear,05/19/2016,3395,0,4448,11,21,5,2,5,2016,20165,04/29/2016,20164,,,,
CHINA - YANTIAN,I-Knitwear,05/26/2016,2700,0,3395,7,22,5,2,5,2016,20165,04/29/2016,20164,,,,
CHINA - YANTIAN,I-Knitwear,06/06/2016,5164,0,2700,11,24,2,2,6,2016,20166,05/30/2016,20165,,,,
CHINA - YANTIAN,I-Knitwear,06/13/2016,12203,0,5164,7,25,2,2,6,2016,20166,05/30/2016,20165,,,,
CHINA - YANTIAN,I-Knitwear,06/20/2016,5496,0,12203,7,26,2,2,6,2016,20166,05/30/2016,20165,,,,
CHINA - YANTIAN,I-Knitwear,06/30/2016,62479,0,5496,10,27,5,2,6,2016,20166,05/30/2016,20165,,,,
CHINA - YANTIAN,I-Knitwear,07/04/2016,12049,0,62479,4,28,2,3,7,2016,20167,06/29/2016,20166,,,,
CHINA - YANTIAN,I-Knitwear,07/07/2016,11904,0,12049,3,28,5,3,7,2016,20167,06/29/2016,20166,,,,
CHINA - YANTIAN,I-Knitwear,07/09/2016,10681,0,11904,2,28,7,3,7,2016,20167,06/29/2016,20166,,,,
CHINA - YANTIAN,I-Knitwear,07/11/2016,10416,0,10681,2,29,2,3,7,2016,20167,06/29/2016,20166,,,,
CHINA - YANTIAN,I-Knitwear,07/14/2016,55120,0,10416,3,29,5,3,7,2016,20167,06/29/2016,20166,,,,
CHINA - YANTIAN,I-Knitwear,07/18/2016,59431,0,55120,4,30,2,3,7,2016,20167,06/29/2016,20166,,,,
CHINA - YANTIAN,I-Knitwear,07/22/2016,34802,0,59431,4,30,6,3,7,2016,20167,06/29/2016,20166,,,,
CHINA - YANTIAN,I-Knitwear,07/29/2016,14608,0,34802,7,31,6,3,7,2016,20167,06/29/2016,20166,,,,
CHINA - YANTIAN,I-Knitwear,08/02/2016,18661,0,14608,4,32,3,3,8,2016,20168,07/30/2016,20167,,,,
CHINA - YANTIAN,I-Knitwear,08/07/2016,3930,0,18661,5,33,1,3,8,2016,20168,07/30/2016,20167,,,,
CHINA - YANTIAN,I-Knitwear,08/11/2016,2003,0,3930,4,33,5,3,8,2016,20168,07/30/2016,20167,,,,
CHINA - YANTIAN,I-Knitwear,08/21/2016,61450,0,2003,10,35,1,3,8,2016,20168,07/30/2016,20167,,,,
CHINA - YANTIAN,I-Knitwear,08/25/2016,3916,0,61450,4,35,5,3,8,2016,20168,07/30/2016,20167,,,,
CHINA - YANTIAN,I-Knitwear,08/31/2016,22192,0,3916,6,36,4,3,8,2016,20168,07/30/2016,20167,,,,
CHINA - YANTIAN,I-Knitwear,09/02/2016,37489,0,22192,2,36,6,3,9,2016,20169,08/30/2016,20168,,,,
CHINA - YANTIAN,I-Knitwear,09/05/2016,6010,0,37489,3,37,2,3,9,2016,20169,08/30/2016,20168,,,,
CHINA - YANTIAN,I-Knitwear,09/09/2016,13798,0,6010,4,37,6,3,9,2016,20169,08/30/2016,20168,,,,
CHINA - YANTIAN,I-Knitwear,09/12/2016,52330,0,13798,3,38,2,3,9,2016,20169,08/30/2016,20168,,,,
CHINA - YANTIAN,I-Knitwear,09/15/2016,10000,0,52330,3,38,5,3,9,2016,20169,08/30/2016,20168,,,,
CHINA - YANTIAN,I-Knitwear,09/16/2016,16039,0,10000,1,38,6,3,9,2016,20169,08/30/2016,20168,,,,
CHINA - YANTIAN,I-Knitwear,09/18/2016,29982,0,16039,2,39,1,3,9,2016,20169,08/30/2016,20168,,,,
CHINA - YANTIAN,I-Knitwear,09/23/2016,10530,0,29982,5,39,6,3,9,2016,20169,08/30/2016,20168,,,,
CHINA - YANTIAN,I-Knitwear,10/02/2016,8782,0,10530,9,41,1,4,10,2016,201610,09/29/2016,20169,,,,
CHINA - YANTIAN,I-Knitwear,10/23/2016,4830,0,8782,21,44,1,4,10,2016,201610,09/29/2016,20169,,,,
CHINA - YANTIAN,I-Knitwear,11/09/2016,12173,0,4830,17,46,4,4,11,2016,201611,10/30/2016,201610,,,,
CHINA - YANTIAN,I-Knitwear,11/21/2016,6196,0,12173,12,48,2,4,11,2016,201611,10/30/2016,201610,,,,
CHINA - YANTIAN,I-Knitwear,11/27/2016,3808,0,6196,6,49,1,4,11,2016,201611,10/30/2016,201610,,,,
CHINA - YANTIAN,I-Knitwear,12/05/2016,9899,0,3808,8,50,2,4,12,2016,201612,11/29/2016,201611,,,,
CHINA - YANTIAN,I-Knitwear,12/12/2016,58574,0,9899,7,51,2,4,12,2016,201612,11/29/2016,201611,,,,
CHINA - YANTIAN,I-Knitwear,12/16/2016,966,0,58574,4,51,6,4,12,2016,201612,11/29/2016,201611,,,,
CHINA - YANTIAN,I-Knitwear,12/20/2016,1116,0,966,4,52,3,4,12,2016,201612,11/29/2016,201611,,,,
CHINA - YANTIAN,I-Knitwear,12/26/2016,3414,0,1116,6,53,2,4,12,2016,201612,11/29/2016,201611,,,,
CHINA - YANTIAN,I-Knitwear,01/02/2017,2091,0,3414,7,1,2,1,1,2017,20171,12/30/2016,201612,,,,
CHINA - YANTIAN,I-Knitwear,01/09/2017,4982,0,2091,7,2,2,1,1,2017,20171,12/30/2016,201612,,,,
CHINA - YANTIAN,I-Knitwear,01/16/2017,3070,0,4982,7,3,2,1,1,2017,20171,12/30/2016,201612,,,,
CHINA - YANTIAN,I-Knitwear,01/23/2017,26856,0,3070,7,4,2,1,1,2017,20171,12/30/2016,201612,,,,
CHINA - YANTIAN,I-Knitwear,01/29/2017,8000,0,26856,6,5,1,1,1,2017,20171,12/30/2016,201612,,,,
CHINA - YANTIAN,I-Knitwear,01/30/2017,7165,0,8000,1,5,2,1,1,2017,20171,12/30/2016,201612,,,,
CHINA - YANTIAN,I-Knitwear,03/14/2017,500,0,7165,43,11,3,1,3,2017,20173,02/27/2017,20172,,,,
CHINA - YANTIAN,K-Shirts,09/15/2016,5509,1,,,38,5,3,9,2016,20169,08/30/2016,20168,,,,
CHINA - YANTIAN,M-Tops,05/29/2016,48,1,,,23,1,2,5,2016,20165,04/29/2016,20164,,,,
CHINA - YANTIAN,M-Tops,06/20/2016,7000,0,48,22,26,2,2,6,2016,20166,05/30/2016,20165,,,,
CHINA - YANTIAN,M-Tops,08/02/2016,126,0,7000,43,32,3,3,8,2016,20168,07/30/2016,20167,,,,
CHINA - YANTIAN,M-Tops,08/11/2016,147,0,126,9,33,5,3,8,2016,20168,07/30/2016,20167,,,,
CHINA - YANTIAN,M-Tops,08/25/2016,1250,0,147,14,35,5,3,8,2016,20168,07/30/2016,20167,,,,
CHINA - YANTIAN,M-Tops,08/31/2016,1048,0,1250,6,36,4,3,8,2016,20168,07/30/2016,20167,,,,
CHINA - YANTIAN,M-Tops,09/02/2016,1072,0,1048,2,36,6,3,9,2016,20169,08/30/2016,20168,,,,
CHINA - YANTIAN,M-Tops,09/09/2016,1714,0,1072,7,37,6,3,9,2016,20169,08/30/2016,20168,,,,
CHINA - YANTIAN,M-Tops,09/16/2016,24,0,1714,7,38,6,3,9,2016,20169,08/30/2016,20168,,,,
CHINA - YANTIAN,M-Tops,09/18/2016,576,0,24,2,39,1,3,9,2016,20169,08/30/2016,20168,,,,
CHINA - YANTIAN,M-Tops,11/21/2016,15997,0,576,64,48,2,4,11,2016,201611,10/30/2016,201610,,,,
CHINA - YANTIAN,M-Tops,12/25/2016,10008,0,15997,34,53,1,4,12,2016,201612,11/29/2016,201611,,,,
CHINA - YANTIAN,M-Tops,01/02/2017,2945,0,10008,8,1,2,1,1,2017,20171,12/30/2016,201612,,,,
CHINA - YANTIAN,M-Tops,01/09/2017,989,0,2945,7,2,2,1,1,2017,20171,12/30/2016,201612,,,,
CHINA - YANTIAN,M-Tops,01/29/2017,7134,0,989,20,5,1,1,1,2017,20171,12/30/2016,201612,,,,
CHINA - YANTIAN,M-Tops,01/30/2017,998,0,7134,1,5,2,1,1,2017,20171,12/30/2016,201612,,,,
CHINA - YANTIAN,M-Tops,03/06/2017,6860,0,998,35,10,2,1,3,2017,20173,02/27/2017,20172,,,,
CHINA - YANTIAN,S-Shorts,04/14/2016,2983,1,,,16,5,2,4,2016,20164,03/30/2016,20163,,,,
CHINA - YANTIAN,S-Shorts,05/01/2016,17983,0,2983,17,19,1,2,5,2016,20165,04/29/2016,20164,,,,
CHINA - YANTIAN,S-Shorts,12/19/2016,12498,0,17983,232,52,2,4,12,2016,201612,11/29/2016,201611,,,,
CHINA - YANTIAN,S-Shorts,12/25/2016,26847,0,12498,6,53,1,4,12,2016,201612,11/29/2016,201611,,,,
CHINA - YANTIAN,S-Shorts,01/02/2017,8287,0,26847,8,1,2,1,1,2017,20171,12/30/2016,201612,,,,
CHINA - YANTIAN,S-Shorts,01/23/2017,21151,0,8287,21,4,2,1,1,2017,20171,12/30/2016,201612,,,,
CHINA - YANTIAN,S-Shorts,02/27/2017,4355,0,21151,35,9,2,1,2,2017,20172,01/30/2017,20171,,,,
CHINA - YANTIAN,S-Shorts,03/06/2017,11220,0,4355,7,10,2,1,3,2017,20173,02/27/2017,20172,,,,
CHINA - YANTIAN,Y-Skirts,04/01/2016,8078,1,,,14,6,2,4,2016,20164,03/30/2016,20163,,,,
CHINA - YANTIAN,Y-Skirts,04/05/2016,4051,0,8078,4,15,3,2,4,2016,20164,03/30/2016,20163,,,,
CHINA - YANTIAN,Y-Skirts,04/12/2016,252,0,4051,7,16,3,2,4,2016,20164,03/30/2016,20163,,,,
CHINA - YANTIAN,Y-Skirts,04/26/2016,2260,0,252,14,18,3,2,4,2016,20164,03/30/2016,20163,,,,
CHINA - YANTIAN,Y-Skirts,05/01/2016,15068,0,2260,5,19,1,2,5,2016,20165,04/29/2016,20164,,,,
CHINA - YANTIAN,Y-Skirts,05/19/2016,3000,0,15068,18,21,5,2,5,2016,20165,04/29/2016,20164,,,,
CHINA - YANTIAN,Y-Skirts,05/29/2016,3964,0,3000,10,23,1,2,5,2016,20165,04/29/2016,20164,,,,
CHINA - YANTIAN,Y-Skirts,06/03/2016,4805,0,3964,5,23,6,2,6,2016,20166,05/30/2016,20165,,,,
CHINA - YANTIAN,Y-Skirts,06/13/2016,1000,0,4805,10,25,2,2,6,2016,20166,05/30/2016,20165,,,,
CHINA - YANTIAN,Y-Skirts,06/16/2016,5601,0,1000,3,25,5,2,6,2016,20166,05/30/2016,20165,,,,
CHINA - YANTIAN,Y-Skirts,06/20/2016,3904,0,5601,4,26,2,2,6,2016,20166,05/30/2016,20165,,,,
CHINA - YANTIAN,Y-Skirts,07/14/2016,2016,0,3904,24,29,5,3,7,2016,20167,06/29/2016,20166,,,,
CHINA - YANTIAN,Y-Skirts,07/18/2016,24,0,2016,4,30,2,3,7,2016,20167,06/29/2016,20166,,,,
CHINA - YANTIAN,Y-Skirts,08/02/2016,1536,0,24,15,32,3,3,8,2016,20168,07/30/2016,20167,,,,
CHINA - YANTIAN,Y-Skirts,08/07/2016,6404,0,1536,5,33,1,3,8,2016,20168,07/30/2016,20167,,,,
CHINA - YANTIAN,Y-Skirts,08/31/2016,1000,0,6404,24,36,4,3,8,2016,20168,07/30/2016,20167,,,,
CHINA - YANTIAN,Y-Skirts,09/02/2016,3548,0,1000,2,36,6,3,9,2016,20169,08/30/2016,20168,,,,
CHINA - YANTIAN,Y-Skirts,09/12/2016,3056,0,3548,10,38,2,3,9,2016,20169,08/30/2016,20168,,,,
CHINA - YANTIAN,Y-Skirts,09/16/2016,800,0,3056,4,38,6,3,9,2016,20169,08/30/2016,20168,,,,
CHINA - YANTIAN,Y-Skirts,09/23/2016,1234,0,800,7,39,6,3,9,2016,20169,08/30/2016,20168,,,,
CHINA - YANTIAN,Y-Skirts,11/01/2016,6184,0,1234,39,45,3,4,11,2016,201611,10/30/2016,201610,,,,
CHINA - YANTIAN,Y-Skirts,11/13/2016,982,0,6184,12,47,1,4,11,2016,201611,10/30/2016,201610,,,,
CHINA - YANTIAN,Y-Skirts,11/27/2016,4046,0,982,14,49,1,4,11,2016,201611,10/30/2016,201610,,,,
CHINA - YANTIAN,Y-Skirts,12/05/2016,8289,0,4046,8,50,2,4,12,2016,201612,11/29/2016,201611,,,,
CHINA - YANTIAN,Y-Skirts,12/12/2016,1593,0,8289,7,51,2,4,12,2016,201612,11/29/2016,201611,,,,
CHINA - YANTIAN,Y-Skirts,12/19/2016,3069,0,1593,7,52,2,4,12,2016,201612,11/29/2016,201611,,,,
CHINA - YANTIAN,Y-Skirts,12/30/2016,3305,0,3069,11,53,6,4,12,2016,201612,11/29/2016,201611,,,,
CHINA - YANTIAN,Y-Skirts,01/02/2017,14585,0,3305,3,1,2,1,1,2017,20171,12/30/2016,201612,,,,
CHINA - YANTIAN,Y-Skirts,01/16/2017,1000,0,14585,14,3,2,1,1,2017,20171,12/30/2016,201612,,,,
CHINA - YANTIAN,Y-Skirts,01/29/2017,20880,0,1000,13,5,1,1,1,2017,20171,12/30/2016,201612,,,,
CHINA - YANTIAN,Y-Skirts,01/30/2017,1472,0,20880,1,5,2,1,1,2017,20171,12/30/2016,201612,,,,
INDIA - NHAVA SHEVA,(empty),04/22/2016,10920,1,,,17,6,2,4,2016,20164,03/30/2016,20163,,,,
INDIA - NHAVA SHEVA,(empty),07/15/2016,14775,0,10920,84,29,6,3,7,2016,20167,06/29/2016,20166,,,,
INDIA - NHAVA SHEVA,(empty),08/05/2016,824,0,14775,21,32,6,3,8,2016,20168,07/30/2016,20167,,,,
INDIA - NHAVA SHEVA,(empty),09/24/2016,1000,0,824,50,39,7,3,9,2016,20169,08/30/2016,20168,,,,
INDIA - NHAVA SHEVA,C-Trousers,03/16/2017,230880,1,,,11,5,1,3,2017,20173,02/27/2017,20172,,,,
INDIA - NHAVA SHEVA,F-Sweatshirts,06/24/2016,1808,1,,,26,6,2,6,2016,20166,05/30/2016,20165,,,,
INDIA - NHAVA SHEVA,K-Shirts,07/08/2016,20570,1,,,28,6,3,7,2016,20167,06/29/2016,20166,,,,
INDIA - NHAVA SHEVA,K-Shirts,07/15/2016,26010,0,20570,7,29,6,3,7,2016,20167,06/29/2016,20166,,,,
INDIA - NHAVA SHEVA,K-Shirts,09/09/2016,14000,0,26010,56,37,6,3,9,2016,20169,08/30/2016,20168,,,,
INDIA - NHAVA SHEVA,K-Shirts,09/18/2016,27980,0,14000,9,39,1,3,9,2016,20169,08/30/2016,20168,,,,
INDIA - NHAVA SHEVA,K-Shirts,11/11/2016,21520,0,27980,54,46,6,4,11,2016,201611,10/30/2016,201610,,,,
INDIA - NHAVA SHEVA,K-Shirts,11/24/2016,990,0,21520,13,48,5,4,11,2016,201611,10/30/2016,201610,,,,
INDIA - NHAVA SHEVA,K-Shirts,02/03/2017,24990,0,990,71,5,6,1,2,2017,20172,01/30/2017,20171,,,,
INDIA - NHAVA SHEVA,K-Shirts,03/17/2017,26000,0,24990,42,11,6,1,3,2017,20173,02/27/2017,20172,,,,
INDIA - NHAVA SHEVA,M-Tops,04/15/2016,22360,1,,,16,6,2,4,2016,20164,03/30/2016,20163,,,,
INDIA - NHAVA SHEVA,M-Tops,06/17/2016,4072,0,22360,63,25,6,2,6,2016,20166,05/30/2016,20165,,,,
INDIA - NHAVA SHEVA,M-Tops,06/24/2016,1328,0,4072,7,26,6,2,6,2016,20166,05/30/2016,20165,,,,
INDIA - NHAVA SHEVA,M-Tops,07/08/2016,25754,0,1328,14,28,6,3,7,2016,20167,06/29/2016,20166,,,,
INDIA - NHAVA SHEVA,M-Tops,11/11/2016,15519,0,25754,126,46,6,4,11,2016,201611,10/30/2016,201610,,,,
INDIA - NHAVA SHEVA,S-Shorts,03/03/2017,20016,1,,,9,6,1,3,2017,20173,02/27/2017,20172,,,,
INDIA - NHAVA SHEVA,Y-Skirts,06/24/2016,1760,1,,,26,6,2,6,2016,20166,05/30/2016,20165,,,,
INDIA - NHAVA SHEVA,Y-Skirts,11/11/2016,8588,0,1760,140,46,6,4,11,2016,201611,10/30/2016,201610,,,,
MYANMAR - YANGON,(empty),08/01/2016,7888,1,,,32,2,3,8,2016,20168,07/30/2016,20167,,,,
MYANMAR - YANGON,D-Jackets,07/16/2016,900,1,,,29,7,3,7,2016,20167,06/29/2016,20166,,,,
MYANMAR - YANGON,D-Jackets,08/18/2016,7888,0,900,33,34,5,3,8,2016,20168,07/30/2016,20167,,,,
PAKISTAN - KARACHI,(empty),05/15/2016,12420,1,,,21,1,2,5,2016,20165,04/29/2016,20164,,,,
PAKISTAN - KARACHI,C-Trousers,06/05/2016,12300,1,,,24,1,2,6,2016,20166,05/30/2016,20165,,,,
PAKISTAN - KARACHI,C-Trousers,02/05/2017,12420,0,12300,245,6,1,1,2,2017,20172,01/30/2017,20171,,,,
VIETNAM - HAI PHONG,A-Accessories,07/28/2016,568,1,,,31,5,3,7,2016,20167,06/29/2016,20166,,,,
VIETNAM - HAI PHONG,A-Accessories,10/09/2016,2898,0,568,73,42,1,4,10,2016,201610,09/29/2016,20169,,,,
VIETNAM - HAI PHONG,A-Accessories,11/20/2016,884,0,2898,42,48,1,4,11,2016,201611,10/30/2016,201610,,,,
VIETNAM - HAI PHONG,A-Accessories,12/18/2016,3132,0,884,28,52,1,4,12,2016,201612,11/29/2016,201611,,,,
VIETNAM - HAI PHONG,A-Accessories,01/22/2017,6078,0,3132,35,4,1,1,1,2017,20171,12/30/2016,201612,,,,
VIETNAM - HO CHI MINH,A-Accessories,07/25/2016,3703,0,6078,-181,31,2,3,7,2016,20167,06/29/2016,20166,,,,
VIETNAM - HO CHI MINH,A-Accessories,08/15/2016,1567,0,3703,21,34,2,3,8,2016,20168,07/30/2016,20167,,,,
VIETNAM - HO CHI MINH,A-Accessories,08/17/2016,3113,0,1567,2,34,4,3,8,2016,20168,07/30/2016,20167,,,,
VIETNAM - HO CHI MINH,D-Jackets,08/08/2016,1027,1,,,33,2,3,8,2016,20168,07/30/2016,20167,,,,
VIETNAM - HO CHI MINH,D-Jackets,11/07/2016,1382,0,1027,91,46,2,4,11,2016,201611,10/30/2016,201610,,,,
VIETNAM - HO CHI MINH,M-Tops,11/14/2016,1379,1,,,47,2,4,11,2016,201611,10/30/2016,201610,,,,
,,,,,,,,,,,,,,,,,,
,,,,,,,,,,,,,,,,,,
,,,,,,,,,,,,,,,,,,
,,,,,,,,,,,,,,,,,,
,,,,,,,,,,,,,,,,,,
,,,,,,,,,,,,,,,,,,
,,,,,,,,,,,,,,,,,,
,,,,,,,,,,,,,,,,,,
,,,,,,,,,,,,,,,,,,
,,,,,,,,,,,,,,,,,,
,,,,,,,,,,,,,,,,,,
,,,,,,,,,,,,,,,,,,
,,,,,,,,,,,,,,,,,,
,,,,,,,,,,,,,,,,,,
,,,,,,,,,,,,,,,,,,
,,,,,,,,,,,,,,,,,,
,,,,,,,,,,,,,,,,,,
,,,,,,,,,,,,,,,,,,
,,,,,,,,,,,,,,,,,,
,,,,,,,,,,,,,,,,,,
,,,,,,,,,,,,,,,,,,
,,,,,,,,,,,,,,,,,,
,,,,,,,,,,,,,,,,,,
,,,,,,,,,,,,,,,,,,
,,,,,,,,,,,,,,,,,,
,,,,,,,,,,,,,,,,,,
,,,,,,,,,,,,,,,,,,
,,,,,,,,,,,,,,,,,,
,,,,,,,,,,,,,,,,,,
,,,,,,,,,,,,,,,,,,
,,,,,,,,,,,,,,,,,,
,,,,,,,,,,,,,,,,,,
,,,,,,,,,,,,,,,,,,
,,,,,,,,,,,,,,,,,,
,,,,,,,,,,,,,,,,,,
,,,,,,,,,,,,,,,,,,
,,,,,,,,,,,,,,,,,,
,,,,,,,,,,,,,,,,,,
,,,,,,,,,,,,,,,,,,
,,,,,,,,,,,,,,,,,,
,,,,,,,,,,,,,,,,,,
,,,,,,,,,,,,,,,,,,
,,,,,,,,,,,,,,,,,,
,,,,,,,,,,,,,,,,,,
,,,,,,,,,,,,,,,,,,
,,,,,,,,,,,,,,,,,,
,,,,,,,,,,,,,,,,,,
,,,,,,,,,,,,,,,,,,
,,,,,,,,,,,,,,,,,,
,,,,,,,,,,,,,,,,,,
,,,,,,,,,,,,,,,,,,
,,,,,,,,,,,,,,,,,,
,,,,,,,,,,,,,,,,,,
,,,,,,,,,,,,,,,,,,
,,,,,,,,,,,,,,,,,,
,,,,,,,,,,,,,,,,,,
,,,,,,,,,,,,,,,,,,
,,,,,,,,,,,,,,,,,,
,,,,,,,,,,,,,,,,,,
,,,,,,,,,,,,,,,,,,
,,,,,,,,,,,,,,,,,,
,,,,,,,,,,,,,,,,,,
,,,,,,,,,,,,,,,,,,
,,,,,,,,,,,,,,,,,,
,,,,,,,,,,,,,,,,,,
,,,,,,,,,,,,,,,,,,
,,,,,,,,,,,,,,,,,,
,,,,,,,,,,,,,,,,,,
,,,,,,,,,,,,,,,,,,
,,,,,,,,,,,,,,,,,,
,,,,,,,,,,,,,,,,,,
,,,,,,,,,,,,,,,,,,
,,,,,,,,,,,,,,,,,,
,,,,,,,,,,,,,,,,,,
,,,,,,,,,,,,,,,,,,
,,,,,,,,,,,,,,,,,,
,,,,,,,,,,,,,,,,,,
,,,,,,,,,,,,,,,,,,
,,,,,,,,,,,,,,,,,,
,,,,1,,,,,,,,,,,,,,
